id,official_id,title,collection,agency,type,release_date,incident_date,incident_date_raw,incident_date_precision,location,location_raw,catalog_redaction_flag,redaction_level,featured,dvids_id,file_size_bytes,media_url,related_cases,underlying_file_opened,catalog_order,path,plain_summary
18-100754-general-1946-7-vol-2,,18_100754_ General 1946-7_Vol_2,pursue-01,Department of War,document,2026-05-08,1947-12-30,12/30/47,day,,N/A,false,not_flagged,false,,,,,false,11,records/18-100754-general-1946-7-vol-2.md,"This is one file in the U.S. Department of War PURSUE catalog, Release 01 (May 8, 2026). The agency on the row is Department of War. The catalog calls the file type PDF. The incident date cell says ""12/30/47"". The incident location cell says ""N/A"". The catalog does not flag this row as redacted. That flag is only a yes or no. It does not say how much was removed, and this archive did not open the file to look.
The government's own description of the file is quoted in the next section. If that description and the date or place cells disagree, both are printed here and neither has been ""fixed."""
18-6369445-general-1948-vol-1,,18_6369445_General_1948_Vol_1,pursue-01,Department of War,document,2026-05-08,1948-06-15,6/15/48,day,,N/A,false,not_flagged,false,,,,,false,12,records/18-6369445-general-1948-vol-1.md,"This is one file in the U.S. Department of War PURSUE catalog, Release 01 (May 8, 2026). The agency on the row is Department of War. The catalog calls the file type PDF. The incident date cell says ""6/15/48"". The incident location cell says ""N/A"". The catalog does not flag this row as redacted. That flag is only a yes or no. It does not say how much was removed, and this archive did not open the file to look.
The government's own description of the file is quoted in the next section. If that description and the date or place cells disagree, both are printed here and neither has been ""fixed."""
255-413270-ufo-s-and-defense-what-should-we-prepare-for,,255_413270_UFO's_and_Defense_What_Should_we_Prepare_For,pursue-01,NASA,document,2026-05-08,,,unknown,,N/A,true,flagged,false,,,,,false,13,records/255-413270-ufo-s-and-defense-what-should-we-prepare-for.md,"This is one file in the U.S. Department of War PURSUE catalog, Release 01 (May 8, 2026). The agency on the row is NASA. The catalog calls the file type PDF. The incident date cell says ""not given"". The incident location cell says ""N/A"". The catalog flags this row as redacted. That flag is only a yes or no. It does not say how much was removed, and this archive did not open the file to look.
The government's own description of the file is quoted in the next section. If that description and the date or place cells disagree, both are printed here and neither has been ""fixed."""
331-120752-numeric-files-1944-1945-37153-german-armament-equipment-documents,,331_120752_Numeric_Files_1944–1945_37153_German_Armament_Equipment_Documents,pursue-01,Department of War,document,2026-05-08,1945-03-18,3/18/45,day,Germany,Germany,false,not_flagged,false,,,,,false,14,records/331-120752-numeric-files-1944-1945-37153-german-armament-equipment-documents.md,"This is one file in the U.S. Department of War PURSUE catalog, Release 01 (May 8, 2026). The agency on the row is Department of War. The catalog calls the file type PDF. The incident date cell says ""3/18/45"". The incident location cell says ""Germany"". The catalog does not flag this row as redacted. That flag is only a yes or no. It does not say how much was removed, and this archive did not open the file to look.
The government's own description of the file is quoted in the next section. If that description and the date or place cells disagree, both are printed here and neither has been ""fixed."""
341-110448-records-relating-to-the-collection-and-dissemination-of-intelligence-1948-1955,,341_110448_Records_Relating_to_the_Collection_and_Dissemination_of_Intelligence_1948-1955-TS_CONT_No.2_2-5300-2-5399,pursue-01,Department of War,document,2026-05-08,1948-11-08,11/8/48,day,Netherlands,Netherlands,false,not_flagged,false,,,,,false,15,records/341-110448-records-relating-to-the-collection-and-dissemination-of-intelligence-1948-1955.md,"This is one file in the U.S. Department of War PURSUE catalog, Release 01 (May 8, 2026). The agency on the row is Department of War. The catalog calls the file type PDF. The incident date cell says ""11/8/48"". The incident location cell says ""Netherlands"". The catalog does not flag this row as redacted. That flag is only a yes or no. It does not say how much was removed, and this archive did not open the file to look.
The government's own description of the file is quoted in the next section. If that description and the date or place cells disagree, both are printed here and neither has been ""fixed."""
341-110677-numerical-file-5-2500,,"341_110677_Numerical_File,_5-2500",pursue-01,Department of War,document,2026-05-08,1955-10-14,10/14/55,day,Azerbaijan,Azerbaijan,false,not_flagged,false,,,,,false,16,records/341-110677-numerical-file-5-2500.md,"This is one file in the U.S. Department of War PURSUE catalog, Release 01 (May 8, 2026). The agency on the row is Department of War. The catalog calls the file type PDF. The incident date cell says ""10/14/55"". The incident location cell says ""Azerbaijan"". The catalog does not flag this row as redacted. That flag is only a yes or no. It does not say how much was removed, and this archive did not open the file to look.
The government's own description of the file is quoted in the next section. If that description and the date or place cells disagree, both are printed here and neither has been ""fixed."""
342-hs1-416511228-319-1-flying-discs-1949,,342_HS1-416511228_319.1 Flying Discs 1949,pursue-01,Department of War,document,2026-05-08,1950-01-09,1/9/50,day,,N/A,false,not_flagged,false,,,,,false,17,records/342-hs1-416511228-319-1-flying-discs-1949.md,"This is one file in the U.S. Department of War PURSUE catalog, Release 01 (May 8, 2026). The agency on the row is Department of War. The catalog calls the file type PDF. The incident date cell says ""1/9/50"". The incident location cell says ""N/A"". The catalog does not flag this row as redacted. That flag is only a yes or no. It does not say how much was removed, and this archive did not open the file to look.
The government's own description of the file is quoted in the next section. If that description and the date or place cells disagree, both are printed here and neither has been ""fixed."""
38-143685-box-incident-summaries-101-172,,38_143685_box_Incident_Summaries_101-172,pursue-01,Department of War,document,2026-05-08,,N/A,unknown,,N/A,false,not_flagged,false,,,,,false,18,records/38-143685-box-incident-summaries-101-172.md,"This is one file in the U.S. Department of War PURSUE catalog, Release 01 (May 8, 2026). The agency on the row is Department of War. The catalog calls the file type PDF. The incident date cell says ""N/A"". The incident location cell says ""N/A"". The catalog does not flag this row as redacted. That flag is only a yes or no. It does not say how much was removed, and this archive did not open the file to look.
The government's own description of the file is quoted in the next section. If that description and the date or place cells disagree, both are printed here and neither has been ""fixed."""
38-143685-box-incident-summaries-173-233,,38_143685_box_Incident_Summaries_173-233,pursue-01,Department of War,document,2026-05-08,,N/A,unknown,,N/A,false,not_flagged,false,,,,,false,19,records/38-143685-box-incident-summaries-173-233.md,"This is one file in the U.S. Department of War PURSUE catalog, Release 01 (May 8, 2026). The agency on the row is Department of War. The catalog calls the file type PDF. The incident date cell says ""N/A"". The incident location cell says ""N/A"". The catalog does not flag this row as redacted. That flag is only a yes or no. It does not say how much was removed, and this archive did not open the file to look.
The government's own description of the file is quoted in the next section. If that description and the date or place cells disagree, both are printed here and neither has been ""fixed."""
38-143685-box7-incident-summaries-1-100,,38_143685_box7_Incident_Summaries_1-100,pursue-01,Department of War,document,2026-05-08,,N/A,unknown,,N/A,false,not_flagged,false,,,,,false,20,records/38-143685-box7-incident-summaries-1-100.md,"This is one file in the U.S. Department of War PURSUE catalog, Release 01 (May 8, 2026). The agency on the row is Department of War. The catalog calls the file type PDF. The incident date cell says ""N/A"". The incident location cell says ""N/A"". The catalog does not flag this row as redacted. That flag is only a yes or no. It does not say how much was removed, and this archive did not open the file to look.
The government's own description of the file is quoted in the next section. If that description and the date or place cells disagree, both are printed here and neither has been ""fixed."""
59-214434-sp-16-7-18-1963,,59_214434_SP 16 [7.18.1963],pursue-01,Department of State,document,2026-05-08,1963-07-18,7/18/63,day,,N/A,false,not_flagged,false,,,,,false,21,records/59-214434-sp-16-7-18-1963.md,"This is one file in the U.S. Department of War PURSUE catalog, Release 01 (May 8, 2026). The agency on the row is Department of State. The catalog calls the file type PDF. The incident date cell says ""7/18/63"". The incident location cell says ""N/A"". The catalog does not flag this row as redacted. That flag is only a yes or no. It does not say how much was removed, and this archive did not open the file to look.
The government's own description of the file is quoted in the next section. If that description and the date or place cells disagree, both are printed here and neither has been ""fixed."""
59-64634-711-5612-7-2852,,59_64634_711.5612[7-2852,pursue-01,Department of State,document,2026-05-08,1952-07-28,7/28/52,day,,N/A,false,not_flagged,false,,,,,false,22,records/59-64634-711-5612-7-2852.md,"This is one file in the U.S. Department of War PURSUE catalog, Release 01 (May 8, 2026). The agency on the row is Department of State. The catalog calls the file type PDF. The incident date cell says ""7/28/52"". The incident location cell says ""N/A"". The catalog does not flag this row as redacted. That flag is only a yes or no. It does not say how much was removed, and this archive did not open the file to look.
The government's own description of the file is quoted in the next section. If that description and the date or place cells disagree, both are printed here and neither has been ""fixed."""
65-hs1-101634279-100-de-18221-serial-844,,65_HS1-101634279_100-DE-18221_Serial_844,pursue-01,FBI,document,2026-05-08,1958-04-17,4/17/58,day,"Detroit, MI","Detroit, MI",false,not_flagged,false,,,,,false,23,records/65-hs1-101634279-100-de-18221-serial-844.md,"This is one file in the U.S. Department of War PURSUE catalog, Release 01 (May 8, 2026). The agency on the row is FBI. The catalog calls the file type PDF. The incident date cell says ""4/17/58"". The incident location cell says ""Detroit, MI"". The catalog does not flag this row as redacted. That flag is only a yes or no. It does not say how much was removed, and this archive did not open the file to look.
The government's own description of the file is quoted in the next section. If that description and the date or place cells disagree, both are printed here and neither has been ""fixed."""
65-hs1-101634279-100-de-26505,,65_HS1-101634279_100-DE-26505,pursue-01,FBI,document,2026-05-08,1957-11-07,11/7/57,day,Germany,Germany,true,flagged,false,,,,,false,24,records/65-hs1-101634279-100-de-26505.md,"This is one file in the U.S. Department of War PURSUE catalog, Release 01 (May 8, 2026). The agency on the row is FBI. The catalog calls the file type PDF. The incident date cell says ""11/7/57"". The incident location cell says ""Germany"". The catalog flags this row as redacted. That flag is only a yes or no. It does not say how much was removed, and this archive did not open the file to look.
The government's own description of the file is quoted in the next section. If that description and the date or place cells disagree, both are printed here and neither has been ""fixed."""
65-hs1-834228961-62-hq-83894-section-001,,65_HS1-834228961_62-HQ-83894_Section_001,pursue-01,FBI,document,2026-05-08,,N/A,unknown,,N/A,false,not_flagged,false,,,,,false,25,records/65-hs1-834228961-62-hq-83894-section-001.md,"This is one file in the U.S. Department of War PURSUE catalog, Release 01 (May 8, 2026). The agency on the row is FBI. The catalog calls the file type PDF. The incident date cell says ""N/A"". The incident location cell says ""N/A"". The catalog does not flag this row as redacted. That flag is only a yes or no. It does not say how much was removed, and this archive did not open the file to look.
The government's own description of the file is quoted in the next section. If that description and the date or place cells disagree, both are printed here and neither has been ""fixed."""
65-hs1-834228961-62-hq-83894-section-002,,65_HS1-834228961_62-HQ-83894_Section_002,pursue-01,FBI,document,2026-05-08,,N/A,unknown,,N/A,false,not_flagged,false,,,,,false,26,records/65-hs1-834228961-62-hq-83894-section-002.md,"This is one file in the U.S. Department of War PURSUE catalog, Release 01 (May 8, 2026). The agency on the row is FBI. The catalog calls the file type PDF. The incident date cell says ""N/A"". The incident location cell says ""N/A"". The catalog does not flag this row as redacted. That flag is only a yes or no. It does not say how much was removed, and this archive did not open the file to look.
The government's own description of the file is quoted in the next section. If that description and the date or place cells disagree, both are printed here and neither has been ""fixed."""
65-hs1-834228961-62-hq-83894-section-003,,65_HS1-834228961_62-HQ-83894_Section_003,pursue-01,FBI,document,2026-05-08,,N/A,unknown,,N/A,false,not_flagged,false,,,,,false,27,records/65-hs1-834228961-62-hq-83894-section-003.md,"This is one file in the U.S. Department of War PURSUE catalog, Release 01 (May 8, 2026). The agency on the row is FBI. The catalog calls the file type PDF. The incident date cell says ""N/A"". The incident location cell says ""N/A"". The catalog does not flag this row as redacted. That flag is only a yes or no. It does not say how much was removed, and this archive did not open the file to look.
The government's own description of the file is quoted in the next section. If that description and the date or place cells disagree, both are printed here and neither has been ""fixed."""
65-hs1-834228961-62-hq-83894-section-004,,65_HS1-834228961_62-HQ-83894_Section_004,pursue-01,FBI,document,2026-05-08,,N/A,unknown,,N/A,false,not_flagged,false,,,,,false,28,records/65-hs1-834228961-62-hq-83894-section-004.md,"This is one file in the U.S. Department of War PURSUE catalog, Release 01 (May 8, 2026). The agency on the row is FBI. The catalog calls the file type PDF. The incident date cell says ""N/A"". The incident location cell says ""N/A"". The catalog does not flag this row as redacted. That flag is only a yes or no. It does not say how much was removed, and this archive did not open the file to look.
The government's own description of the file is quoted in the next section. If that description and the date or place cells disagree, both are printed here and neither has been ""fixed."""
65-hs1-834228961-62-hq-83894-section-005,,65_HS1-834228961_62-HQ-83894_Section_005,pursue-01,FBI,document,2026-05-08,,N/A,unknown,,N/A,false,not_flagged,false,,,,,false,29,records/65-hs1-834228961-62-hq-83894-section-005.md,"This is one file in the U.S. Department of War PURSUE catalog, Release 01 (May 8, 2026). The agency on the row is FBI. The catalog calls the file type PDF. The incident date cell says ""N/A"". The incident location cell says ""N/A"". The catalog does not flag this row as redacted. That flag is only a yes or no. It does not say how much was removed, and this archive did not open the file to look.
The government's own description of the file is quoted in the next section. If that description and the date or place cells disagree, both are printed here and neither has been ""fixed."""
65-hs1-834228961-62-hq-83894-section-006,,65_HS1-834228961_62-HQ-83894_Section_006,pursue-01,FBI,document,2026-05-08,,N/A,unknown,,N/A,false,not_flagged,false,,,,,false,30,records/65-hs1-834228961-62-hq-83894-section-006.md,"This is one file in the U.S. Department of War PURSUE catalog, Release 01 (May 8, 2026). The agency on the row is FBI. The catalog calls the file type PDF. The incident date cell says ""N/A"". The incident location cell says ""N/A"". The catalog does not flag this row as redacted. That flag is only a yes or no. It does not say how much was removed, and this archive did not open the file to look.
The government's own description of the file is quoted in the next section. If that description and the date or place cells disagree, both are printed here and neither has been ""fixed."""
65-hs1-834228961-62-hq-83894-section-007,,65_HS1-834228961_62-HQ-83894_Section_007,pursue-01,FBI,document,2026-05-08,,N/A,unknown,,N/A,false,not_flagged,false,,,,,false,31,records/65-hs1-834228961-62-hq-83894-section-007.md,"This is one file in the U.S. Department of War PURSUE catalog, Release 01 (May 8, 2026). The agency on the row is FBI. The catalog calls the file type PDF. The incident date cell says ""N/A"". The incident location cell says ""N/A"". The catalog does not flag this row as redacted. That flag is only a yes or no. It does not say how much was removed, and this archive did not open the file to look.
The government's own description of the file is quoted in the next section. If that description and the date or place cells disagree, both are printed here and neither has been ""fixed."""
65-hs1-834228961-62-hq-83894-section-008,,65_HS1-834228961_62-HQ-83894_Section_008,pursue-01,FBI,document,2026-05-08,,N/A,unknown,,N/A,false,not_flagged,false,,,,,false,32,records/65-hs1-834228961-62-hq-83894-section-008.md,"This is one file in the U.S. Department of War PURSUE catalog, Release 01 (May 8, 2026). The agency on the row is FBI. The catalog calls the file type PDF. The incident date cell says ""N/A"". The incident location cell says ""N/A"". The catalog does not flag this row as redacted. That flag is only a yes or no. It does not say how much was removed, and this archive did not open the file to look.
The government's own description of the file is quoted in the next section. If that description and the date or place cells disagree, both are printed here and neither has been ""fixed."""
65-hs1-834228961-62-hq-83894-section-009,,65_HS1-834228961_62-HQ-83894_Section_009,pursue-01,FBI,document,2026-05-08,,N/A,unknown,,N/A,false,not_flagged,false,,,,,false,33,records/65-hs1-834228961-62-hq-83894-section-009.md,"This is one file in the U.S. Department of War PURSUE catalog, Release 01 (May 8, 2026). The agency on the row is FBI. The catalog calls the file type PDF. The incident date cell says ""N/A"". The incident location cell says ""N/A"". The catalog does not flag this row as redacted. That flag is only a yes or no. It does not say how much was removed, and this archive did not open the file to look.
The government's own description of the file is quoted in the next section. If that description and the date or place cells disagree, both are printed here and neither has been ""fixed."""
65-hs1-834228961-62-hq-83894-section-010,,65_HS1-834228961_62-HQ-83894_Section_010,pursue-01,FBI,document,2026-05-08,,N/A,unknown,,N/A,false,not_flagged,false,,,,,false,34,records/65-hs1-834228961-62-hq-83894-section-010.md,"This is one file in the U.S. Department of War PURSUE catalog, Release 01 (May 8, 2026). The agency on the row is FBI. The catalog calls the file type PDF. The incident date cell says ""N/A"". The incident location cell says ""N/A"". The catalog does not flag this row as redacted. That flag is only a yes or no. It does not say how much was removed, and this archive did not open the file to look.
The government's own description of the file is quoted in the next section. If that description and the date or place cells disagree, both are printed here and neither has been ""fixed."""
65-hs1-834228961-62-hq-83894-serial-130,,65_HS1-834228961_62-HQ-83894_Serial_130,pursue-01,FBI,document,2026-05-08,,N/A,unknown,,N/A,false,not_flagged,false,,,,,false,35,records/65-hs1-834228961-62-hq-83894-serial-130.md,"This is one file in the U.S. Department of War PURSUE catalog, Release 01 (May 8, 2026). The agency on the row is FBI. The catalog calls the file type PDF. The incident date cell says ""N/A"". The incident location cell says ""N/A"". The catalog does not flag this row as redacted. That flag is only a yes or no. It does not say how much was removed, and this archive did not open the file to look.
The government's own description of the file is quoted in the next section. If that description and the date or place cells disagree, both are printed here and neither has been ""fixed."""
65-hs1-834228961-62-hq-83894-serial-153,,65_HS1-834228961_62-HQ-83894_Serial_153,pursue-01,FBI,document,2026-05-08,,N/A,unknown,,N/A,false,not_flagged,false,,,,,false,36,records/65-hs1-834228961-62-hq-83894-serial-153.md,"This is one file in the U.S. Department of War PURSUE catalog, Release 01 (May 8, 2026). The agency on the row is FBI. The catalog calls the file type PDF. The incident date cell says ""N/A"". The incident location cell says ""N/A"". The catalog does not flag this row as redacted. That flag is only a yes or no. It does not say how much was removed, and this archive did not open the file to look.
The government's own description of the file is quoted in the next section. If that description and the date or place cells disagree, both are printed here and neither has been ""fixed."""
65-hs1-834228961-62-hq-83894-serial-164,,65_HS1-834228961_62-HQ-83894_Serial_164,pursue-01,FBI,document,2026-05-08,,N/A,unknown,,N/A,false,not_flagged,false,,,,,false,37,records/65-hs1-834228961-62-hq-83894-serial-164.md,"This is one file in the U.S. Department of War PURSUE catalog, Release 01 (May 8, 2026). The agency on the row is FBI. The catalog calls the file type PDF. The incident date cell says ""N/A"". The incident location cell says ""N/A"". The catalog does not flag this row as redacted. That flag is only a yes or no. It does not say how much was removed, and this archive did not open the file to look.
The government's own description of the file is quoted in the next section. If that description and the date or place cells disagree, both are printed here and neither has been ""fixed."""
65-hs1-834228961-62-hq-83894-serial-220,,65_HS1-834228961_62-HQ-83894_Serial_220,pursue-01,FBI,document,2026-05-08,,N/A,unknown,,N/A,false,not_flagged,false,,,,,false,38,records/65-hs1-834228961-62-hq-83894-serial-220.md,"This is one file in the U.S. Department of War PURSUE catalog, Release 01 (May 8, 2026). The agency on the row is FBI. The catalog calls the file type PDF. The incident date cell says ""N/A"". The incident location cell says ""N/A"". The catalog does not flag this row as redacted. That flag is only a yes or no. It does not say how much was removed, and this archive did not open the file to look.
The government's own description of the file is quoted in the next section. If that description and the date or place cells disagree, both are printed here and neither has been ""fixed."""
65-hs1-834228961-62-hq-83894-serial-403,,65_HS1-834228961_62-HQ-83894_Serial_403,pursue-01,FBI,document,2026-05-08,,N/A,unknown,,N/A,false,not_flagged,false,,,,,false,39,records/65-hs1-834228961-62-hq-83894-serial-403.md,"This is one file in the U.S. Department of War PURSUE catalog, Release 01 (May 8, 2026). The agency on the row is FBI. The catalog calls the file type PDF. The incident date cell says ""N/A"". The incident location cell says ""N/A"". The catalog does not flag this row as redacted. That flag is only a yes or no. It does not say how much was removed, and this archive did not open the file to look.
The government's own description of the file is quoted in the next section. If that description and the date or place cells disagree, both are printed here and neither has been ""fixed."""
65-hs1-834228961-62-hq-83894-serial-438,,65_HS1-834228961_62-HQ-83894_Serial_438,pursue-01,FBI,document,2026-05-08,,N/A,unknown,,N/A,false,not_flagged,false,,,,,false,40,records/65-hs1-834228961-62-hq-83894-serial-438.md,"This is one file in the U.S. Department of War PURSUE catalog, Release 01 (May 8, 2026). The agency on the row is FBI. The catalog calls the file type PDF. The incident date cell says ""N/A"". The incident location cell says ""N/A"". The catalog does not flag this row as redacted. That flag is only a yes or no. It does not say how much was removed, and this archive did not open the file to look.
The government's own description of the file is quoted in the next section. If that description and the date or place cells disagree, both are printed here and neither has been ""fixed."""
65-hs1-834228961-62-hq-83894-serial-449,,65_HS1-834228961_62-HQ-83894_Serial_449,pursue-01,FBI,document,2026-05-08,,N/A,unknown,,N/A,false,not_flagged,false,,,,,false,41,records/65-hs1-834228961-62-hq-83894-serial-449.md,"This is one file in the U.S. Department of War PURSUE catalog, Release 01 (May 8, 2026). The agency on the row is FBI. The catalog calls the file type PDF. The incident date cell says ""N/A"". The incident location cell says ""N/A"". The catalog does not flag this row as redacted. That flag is only a yes or no. It does not say how much was removed, and this archive did not open the file to look.
The government's own description of the file is quoted in the next section. If that description and the date or place cells disagree, both are printed here and neither has been ""fixed."""
65-hs1-834228961-62-hq-83894-sub-a,,65_HS1-834228961_62-HQ-83894_SUB_A,pursue-01,FBI,document,2026-05-08,,N/A,unknown,,N/A,false,not_flagged,false,,,,,false,42,records/65-hs1-834228961-62-hq-83894-sub-a.md,"This is one file in the U.S. Department of War PURSUE catalog, Release 01 (May 8, 2026). The agency on the row is FBI. The catalog calls the file type PDF. The incident date cell says ""N/A"". The incident location cell says ""N/A"". The catalog does not flag this row as redacted. That flag is only a yes or no. It does not say how much was removed, and this archive did not open the file to look.
The government's own description of the file is quoted in the next section. If that description and the date or place cells disagree, both are printed here and neither has been ""fixed."""
cia-uap-002,CIA-UAP-002,"CIA-UAP-002, Scientific Advisory Panel on Unidentified Flying Objects, Report, 1952-1953",pursue-03,CIA,document,2026-06-12,1952-1953,1952-1953,range,,,false,not_flagged,false,,,,,false,43,records/cia-uap-002.md,"This is one file in the U.S. Department of War PURSUE catalog, Release 03 (June 12, 2026). The agency on the row is CIA. The catalog calls the file type PDF. The incident date cell says ""1952-1953"". The incident location cell says ""not given"". The catalog does not flag this row as redacted. That flag is only a yes or no. It does not say how much was removed, and this archive did not open the file to look.
The government's own description of the file is quoted in the next section. If that description and the date or place cells disagree, both are printed here and neither has been ""fixed."""
cia-uap-003,CIA-UAP-003,"CIA-UAP-003, The Central Intelligence Agency and Overhead Reconnaissance; The U-2 and OXCART Programs, 1954-1974",pursue-03,CIA,document,2026-06-12,1954-1974,1954-1974,range,,,false,not_flagged,false,,,,,false,44,records/cia-uap-003.md,"This is one file in the U.S. Department of War PURSUE catalog, Release 03 (June 12, 2026). The agency on the row is CIA. The catalog calls the file type PDF. The incident date cell says ""1954-1974"". The incident location cell says ""not given"". The catalog does not flag this row as redacted. That flag is only a yes or no. It does not say how much was removed, and this archive did not open the file to look.
The government's own description of the file is quoted in the next section. If that description and the date or place cells disagree, both are printed here and neither has been ""fixed."""
cia-uap-004,CIA-UAP-004,"CIA-UAP-004, CASE 17708 (CLOSED) and DR. Leon Davidson",pursue-03,CIA,document,2026-06-12,1958,1958,year,,,false,not_flagged,false,,,,,false,45,records/cia-uap-004.md,"This is one file in the U.S. Department of War PURSUE catalog, Release 03 (June 12, 2026). The agency on the row is CIA. The catalog calls the file type PDF. The incident date cell says ""1958"". The incident location cell says ""not given"". The catalog does not flag this row as redacted. That flag is only a yes or no. It does not say how much was removed, and this archive did not open the file to look.
The government's own description of the file is quoted in the next section. If that description and the date or place cells disagree, both are printed here and neither has been ""fixed."""
cia-uap-005,CIA-UAP-005,"CIA-UAP-005, German Scientist's Article on 'Flying Discs'",pursue-03,CIA,document,2026-06-12,1950,1950,year,,,false,not_flagged,false,,,,,false,46,records/cia-uap-005.md,"This is one file in the U.S. Department of War PURSUE catalog, Release 03 (June 12, 2026). The agency on the row is CIA. The catalog calls the file type PDF. The incident date cell says ""1950"". The incident location cell says ""not given"". The catalog does not flag this row as redacted. That flag is only a yes or no. It does not say how much was removed, and this archive did not open the file to look.
The government's own description of the file is quoted in the next section. If that description and the date or place cells disagree, both are printed here and neither has been ""fixed."""
cia-uap-006,CIA-UAP-006,"CIA-UAP-006, Sighting Of Unconventional Aircraft",pursue-03,CIA,document,2026-06-12,1955-11,"November, 1955",month,"Baku, Azerbaijan","Baku, Azerbaijan",false,not_flagged,false,,,,,false,47,records/cia-uap-006.md,"This is one file in the U.S. Department of War PURSUE catalog, Release 03 (June 12, 2026). The agency on the row is CIA. The catalog calls the file type PDF. The incident date cell says ""November, 1955"". The incident location cell says ""Baku, Azerbaijan"". The catalog does not flag this row as redacted. That flag is only a yes or no. It does not say how much was removed, and this archive did not open the file to look.
The government's own description of the file is quoted in the next section. If that description and the date or place cells disagree, both are printed here and neither has been ""fixed."""
cia-uap-007,CIA-UAP-007,"CIA-UAP-007, Current Status Of Unidentified Flying Objects (UFO) Project.",pursue-03,CIA,document,2026-06-12,1953-12,"December, 1953",month,,,false,not_flagged,false,,,,,false,48,records/cia-uap-007.md,"This is one file in the U.S. Department of War PURSUE catalog, Release 03 (June 12, 2026). The agency on the row is CIA. The catalog calls the file type PDF. The incident date cell says ""December, 1953"". The incident location cell says ""not given"". The catalog does not flag this row as redacted. That flag is only a yes or no. It does not say how much was removed, and this archive did not open the file to look.
The government's own description of the file is quoted in the next section. If that description and the date or place cells disagree, both are printed here and neither has been ""fixed."""
cia-uap-008,CIA-UAP-008,"CIA-UAP-008, Speculative Paper By N Kardashev and A Sakharov on Charged Mass in Space at Conference on Origins Of Life, Armenia, 6-8 September 1971/Low Scientific Level Of Other Soviet Papers",pursue-03,CIA,document,2026-06-12,1972,1972,year,,,false,not_flagged,false,,,,,false,49,records/cia-uap-008.md,"This is one file in the U.S. Department of War PURSUE catalog, Release 03 (June 12, 2026). The agency on the row is CIA. The catalog calls the file type PDF. The incident date cell says ""1972"". The incident location cell says ""not given"". The catalog does not flag this row as redacted. That flag is only a yes or no. It does not say how much was removed, and this archive did not open the file to look.
The government's own description of the file is quoted in the next section. If that description and the date or place cells disagree, both are printed here and neither has been ""fixed."""
cia-uap-009,CIA-UAP-009,"CIA-UAP-009, Unknown Flying Objects Observed Over Budapest",pursue-03,CIA,document,2026-06-12,1957,1957,year,"Budapest, Hungary","Budapest, Hungary",false,not_flagged,false,,,,,false,50,records/cia-uap-009.md,"This is one file in the U.S. Department of War PURSUE catalog, Release 03 (June 12, 2026). The agency on the row is CIA. The catalog calls the file type PDF. The incident date cell says ""1957"". The incident location cell says ""Budapest, Hungary"". The catalog does not flag this row as redacted. That flag is only a yes or no. It does not say how much was removed, and this archive did not open the file to look.
The government's own description of the file is quoted in the next section. If that description and the date or place cells disagree, both are printed here and neither has been ""fixed."""
cia-uap-010,CIA-UAP-010,"CIA-UAP-010, Report on Conversations with Soviet Scientists on Subject of Unidentified Flying Objects in the USSR",pursue-03,CIA,document,2026-06-12,1967-08,"August, 1967",month,USSR,USSR,false,not_flagged,false,,,,,false,51,records/cia-uap-010.md,"This is one file in the U.S. Department of War PURSUE catalog, Release 03 (June 12, 2026). The agency on the row is CIA. The catalog calls the file type PDF. The incident date cell says ""August, 1967"". The incident location cell says ""USSR"". The catalog does not flag this row as redacted. That flag is only a yes or no. It does not say how much was removed, and this archive did not open the file to look.
The government's own description of the file is quoted in the next section. If that description and the date or place cells disagree, both are printed here and neither has been ""fixed."""
cia-uap-011,CIA-UAP-011,"CIA-UAP-011, The Sary Shagan Weapons Testing Range",pursue-03,CIA,document,2026-06-12,1973-12,"December, 1973",month,USSR,USSR,false,not_flagged,false,,,,,false,52,records/cia-uap-011.md,"This is one file in the U.S. Department of War PURSUE catalog, Release 03 (June 12, 2026). The agency on the row is CIA. The catalog calls the file type PDF. The incident date cell says ""December, 1973"". The incident location cell says ""USSR"". The catalog does not flag this row as redacted. That flag is only a yes or no. It does not say how much was removed, and this archive did not open the file to look.
The government's own description of the file is quoted in the next section. If that description and the date or place cells disagree, both are printed here and neither has been ""fixed."""
cia-uap-012,CIA-UAP-012,"CIA-UAP-012, Combating Fatigue In Crewmembers",pursue-03,CIA,document,2026-06-12,1976-11,"November, 1976",month,,,false,not_flagged,false,,,,,false,53,records/cia-uap-012.md,"This is one file in the U.S. Department of War PURSUE catalog, Release 03 (June 12, 2026). The agency on the row is CIA. The catalog calls the file type PDF. The incident date cell says ""November, 1976"". The incident location cell says ""not given"". The catalog does not flag this row as redacted. That flag is only a yes or no. It does not say how much was removed, and this archive did not open the file to look.
The government's own description of the file is quoted in the next section. If that description and the date or place cells disagree, both are printed here and neither has been ""fixed."""
cia-uap-013,CIA-UAP-013,"CIA-UAP-013, Report of Unusual Flying Object Sightings and Attendant Scientific Activity",pursue-03,CIA,document,2026-06-12,1956,1956,year,"Budapest, Hungary","Budapest, Hungary",false,not_flagged,false,,,,,false,54,records/cia-uap-013.md,"This is one file in the U.S. Department of War PURSUE catalog, Release 03 (June 12, 2026). The agency on the row is CIA. The catalog calls the file type PDF. The incident date cell says ""1956"". The incident location cell says ""Budapest, Hungary"". The catalog does not flag this row as redacted. That flag is only a yes or no. It does not say how much was removed, and this archive did not open the file to look.
The government's own description of the file is quoted in the next section. If that description and the date or place cells disagree, both are printed here and neither has been ""fixed."""
cia-uap-014,CIA-UAP-014,"CIA-UAP-014, British activity in the Field of ""Unidentified Flying Objects""",pursue-03,CIA,document,2026-06-12,1952-12,"December, 1952",month,,,false,not_flagged,false,,,,,false,55,records/cia-uap-014.md,"This is one file in the U.S. Department of War PURSUE catalog, Release 03 (June 12, 2026). The agency on the row is CIA. The catalog calls the file type PDF. The incident date cell says ""December, 1952"". The incident location cell says ""not given"". The catalog does not flag this row as redacted. That flag is only a yes or no. It does not say how much was removed, and this archive did not open the file to look.
The government's own description of the file is quoted in the next section. If that description and the date or place cells disagree, both are printed here and neither has been ""fixed."""
cia-uap-015,CIA-UAP-015,"CIA-UAP-015, Project Blue Book Special Report No. 14 (Analysis of Reports of Unidentified Aerial Objects)",pursue-03,CIA,document,2026-06-12,,,unknown,,,false,not_flagged,false,,,,,false,56,records/cia-uap-015.md,"This is one file in the U.S. Department of War PURSUE catalog, Release 03 (June 12, 2026). The agency on the row is CIA. The catalog calls the file type PDF. The incident date cell says ""not given"". The incident location cell says ""not given"". The catalog does not flag this row as redacted. That flag is only a yes or no. It does not say how much was removed, and this archive did not open the file to look.
The government's own description of the file is quoted in the next section. If that description and the date or place cells disagree, both are printed here and neither has been ""fixed."""
cia-uap-016,CIA-UAP-016,"CIA-UAP-016, Sightings of Unidentified Flying Objects in Ladakh, Nepal, Sikkim and Bhutan",pursue-03,CIA,document,2026-06-12,1968,1968,year,"Ladakh, Nepal | Sikkim, India | Bhutam","Ladakh, Nepal | Sikkim, India | Bhutam",false,not_flagged,false,,,,,false,57,records/cia-uap-016.md,"This is one file in the U.S. Department of War PURSUE catalog, Release 03 (June 12, 2026). The agency on the row is CIA. The catalog calls the file type PDF. The incident date cell says ""1968"". The incident location cell says ""Ladakh, Nepal | Sikkim, India | Bhutam"". The catalog does not flag this row as redacted. That flag is only a yes or no. It does not say how much was removed, and this archive did not open the file to look.
The government's own description of the file is quoted in the next section. If that description and the date or place cells disagree, both are printed here and neither has been ""fixed."""
cia-uap-017,CIA-UAP-017,"CIA-UAP-017, Placement on High Alert Due to Perceived Aggressive Foreign Posturing",pursue-03,CIA,document,2026-06-12,2008-07,"July, 2008",month,"Harare, Zimbabwe","Harare, Zimbabwe",false,not_flagged,false,,,,,false,58,records/cia-uap-017.md,"This is one file in the U.S. Department of War PURSUE catalog, Release 03 (June 12, 2026). The agency on the row is CIA. The catalog calls the file type PDF. The incident date cell says ""July, 2008"". The incident location cell says ""Harare, Zimbabwe"". The catalog does not flag this row as redacted. That flag is only a yes or no. It does not say how much was removed, and this archive did not open the file to look.
The government's own description of the file is quoted in the next section. If that description and the date or place cells disagree, both are printed here and neither has been ""fixed."""
cia-uap-018,CIA-UAP-018,"CIA-UAP-018, Report of Unusual Flying Object Sightings and Attendant Scientific Activity",pursue-03,CIA,document,2026-06-12,1955,1955,year,Hungary,Hungary,false,not_flagged,false,,,,,false,59,records/cia-uap-018.md,"This is one file in the U.S. Department of War PURSUE catalog, Release 03 (June 12, 2026). The agency on the row is CIA. The catalog calls the file type PDF. The incident date cell says ""1955"". The incident location cell says ""Hungary"". The catalog does not flag this row as redacted. That flag is only a yes or no. It does not say how much was removed, and this archive did not open the file to look.
The government's own description of the file is quoted in the next section. If that description and the date or place cells disagree, both are printed here and neither has been ""fixed."""
cia-uap-019,CIA-UAP-019,"CIA-UAP-019, Australian Dept of Defense Scientific and Intel Aspects of the UFO Problem",pursue-03,CIA,document,2026-06-12,1971,1971,year,Australia,Australia,false,not_flagged,false,,,,,false,60,records/cia-uap-019.md,"This is one file in the U.S. Department of War PURSUE catalog, Release 03 (June 12, 2026). The agency on the row is CIA. The catalog calls the file type PDF. The incident date cell says ""1971"". The incident location cell says ""Australia"". The catalog does not flag this row as redacted. That flag is only a yes or no. It does not say how much was removed, and this archive did not open the file to look.
The government's own description of the file is quoted in the next section. If that description and the date or place cells disagree, both are printed here and neither has been ""fixed."""
cia-uap-d001,CIA-UAP-D001,"CIA-UAP-D001, Intelligence Information Report, USSR, 1973",pursue-02,CIA,document,2026-05-22,1973-12-20,12/20/73,day,USSR,USSR,true,flagged,false,,,,,false,61,records/cia-uap-d001.md,"This is one file in the U.S. Department of War PURSUE catalog, Release 02 (May 22, 2026). The agency on the row is CIA. The catalog calls the file type PDF. The incident date cell says ""12/20/73"". The incident location cell says ""USSR"". The catalog flags this row as redacted. That flag is only a yes or no. It does not say how much was removed, and this archive did not open the file to look.
The government's own description of the file is quoted in the next section. If that description and the date or place cells disagree, both are printed here and neither has been ""fixed."""
cia-uap-d020,CIA-UAP-D020,"CIA-UAP-D020, Memorandum on Unconventional Aircraft Sightings, 1955",pursue-04,CIA,document,2026-07-10,1955,1955,year,Azerbaijan,Azerbaijan,false,not_flagged,false,,,,,false,62,records/cia-uap-d020.md,"This is one file in the U.S. Department of War PURSUE catalog, Release 04 (July 10, 2026). The agency on the row is CIA. The catalog calls the file type PDF. The incident date cell says ""1955"". The incident location cell says ""Azerbaijan"". The catalog does not flag this row as redacted. That flag is only a yes or no. It does not say how much was removed, and this archive did not open the file to look.
The government's own description of the file is quoted in the next section. If that description and the date or place cells disagree, both are printed here and neither has been ""fixed."""
cia-uap-d021,CIA-UAP-D021,"CIA-UAP-D021, Analysis of Unconventional Aircraft Sightings, 1955",pursue-04,CIA,document,2026-07-10,1955,1955,year,,,true,flagged,false,,,,,false,63,records/cia-uap-d021.md,"This is one file in the U.S. Department of War PURSUE catalog, Release 04 (July 10, 2026). The agency on the row is CIA. The catalog calls the file type PDF. The incident date cell says ""1955"". The incident location cell says ""not given"". The catalog flags this row as redacted. That flag is only a yes or no. It does not say how much was removed, and this archive did not open the file to look.
The government's own description of the file is quoted in the next section. If that description and the date or place cells disagree, both are printed here and neither has been ""fixed."""
cia-uap-d022,CIA-UAP-D022,"CIA-UAP-D022, Unidentified Flying Object Reported near Puerto Rico, 1965",pursue-05,CIA,document,2026-08-07,1965-02-01,2/1/65,day,Caribbean Sea,Caribbean Sea,true,flagged,false,,,,puerto-rico-radar-1964,false,64,records/cia-uap-d022.md,"This is one file in the U.S. Department of War PURSUE catalog, Release 05 (August 7, 2026). The agency on the row is CIA. The catalog calls the file type PDF. The incident date cell says ""2/1/65"". The incident location cell says ""Caribbean Sea"". The catalog flags this row as redacted. That flag is only a yes or no. It does not say how much was removed, and this archive did not open the file to look.
The government's own description of the file is quoted in the next section. If that description and the date or place cells disagree, both are printed here and neither has been ""fixed."""
cia-uap-d023,CIA-UAP-D023,"CIA-UAP-D023, Briefing Notes for Mr. Walter Elder",pursue-05,CIA,document,2026-08-07,,Undated,unknown,Caribbean Sea,Caribbean Sea,false,not_flagged,false,,,,puerto-rico-radar-1964,false,65,records/cia-uap-d023.md,"This is one file in the U.S. Department of War PURSUE catalog, Release 05 (August 7, 2026). The agency on the row is CIA. The catalog calls the file type PDF. The incident date cell says ""Undated"". The incident location cell says ""Caribbean Sea"". The catalog does not flag this row as redacted. That flag is only a yes or no. It does not say how much was removed, and this archive did not open the file to look.
The government's own description of the file is quoted in the next section. If that description and the date or place cells disagree, both are printed here and neither has been ""fixed."""
doe-uap-d001,DOE-UAP-D001,"DOE-UAP-D001, Enhanced PANTEX Imagery",pursue-02,Department of Energy,document,2026-05-22,,,unknown,,,true,flagged,false,,,,,false,66,records/doe-uap-d001.md,"This is one file in the U.S. Department of War PURSUE catalog, Release 02 (May 22, 2026). The agency on the row is Department of Energy. The catalog calls the file type PDF. The incident date cell says ""not given"". The incident location cell says ""not given"". The catalog flags this row as redacted. That flag is only a yes or no. It does not say how much was removed, and this archive did not open the file to look.
The government's own description of the file is quoted in the next section. If that description and the date or place cells disagree, both are printed here and neither has been ""fixed."""
doe-uap-d002,DOE-UAP-D002,"DOE-UAP-D002, James Tuck Correspondence, 1970s",pursue-02,Department of Energy,document,2026-05-22,,1970s,unknown,,,true,flagged,false,,,,,false,67,records/doe-uap-d002.md,"This is one file in the U.S. Department of War PURSUE catalog, Release 02 (May 22, 2026). The agency on the row is Department of Energy. The catalog calls the file type PDF. The incident date cell says ""1970s"". The incident location cell says ""not given"". The catalog flags this row as redacted. That flag is only a yes or no. It does not say how much was removed, and this archive did not open the file to look.
The government's own description of the file is quoted in the next section. If that description and the date or place cells disagree, both are printed here and neither has been ""fixed."""
doe-uap-d003,DOE-UAP-D003,"DOE-UAP-D003, Pajarito Astronomers Invitation, 1986",pursue-02,Department of Energy,document,2026-05-22,1986-05-20,5/20/86,day,New Mexico,New Mexico,true,flagged,false,,,,,false,68,records/doe-uap-d003.md,"This is one file in the U.S. Department of War PURSUE catalog, Release 02 (May 22, 2026). The agency on the row is Department of Energy. The catalog calls the file type PDF. The incident date cell says ""5/20/86"". The incident location cell says ""New Mexico"". The catalog flags this row as redacted. That flag is only a yes or no. It does not say how much was removed, and this archive did not open the file to look.
The government's own description of the file is quoted in the next section. If that description and the date or place cells disagree, both are printed here and neither has been ""fixed."""
doe-uap-d004,DOE-UAP-D004,"DOE-UAP-D004, Los Alamos Conference on Aerial Phenomena, 1949",pursue-04,Department of Energy,document,2026-07-10,1949-03-22,3/22/49,day,New Mexico,New Mexico,false,not_flagged,false,,,,,false,69,records/doe-uap-d004.md,"This is one file in the U.S. Department of War PURSUE catalog, Release 04 (July 10, 2026). The agency on the row is Department of Energy. The catalog calls the file type PDF. The incident date cell says ""3/22/49"". The incident location cell says ""New Mexico"". The catalog does not flag this row as redacted. That flag is only a yes or no. It does not say how much was removed, and this archive did not open the file to look.
The government's own description of the file is quoted in the next section. If that description and the date or place cells disagree, both are printed here and neither has been ""fixed."""
doe-uap-d005,DOE-UAP-D005,"DOE-UAP-D005, Pantex Unidentified Object Incident Report, 2015",pursue-04,Department of Energy,document,2026-07-10,2015-09-01,9/1/15,day,Texas,Texas,true,flagged,false,,,,,false,70,records/doe-uap-d005.md,"This is one file in the U.S. Department of War PURSUE catalog, Release 04 (July 10, 2026). The agency on the row is Department of Energy. The catalog calls the file type PDF. The incident date cell says ""9/1/15"". The incident location cell says ""Texas"". The catalog flags this row as redacted. That flag is only a yes or no. It does not say how much was removed, and this archive did not open the file to look.
The government's own description of the file is quoted in the next section. If that description and the date or place cells disagree, both are printed here and neither has been ""fixed."""
dos-uap-d001,DOS-UAP-D001,"DOS-UAP-D001, Diplomatic Cable, Brazil, November 14, 1963",pursue-05,Department of State,document,2026-08-07,1963-11-14,11/14/63,day,"Bahia, Brazil","Bahia, Brazil",false,not_flagged,false,,,,,false,71,records/dos-uap-d001.md,"This is one file in the U.S. Department of War PURSUE catalog, Release 05 (August 7, 2026). The agency on the row is Department of State. The catalog calls the file type PDF. The incident date cell says ""11/14/63"". The incident location cell says ""Bahia, Brazil"". The catalog does not flag this row as redacted. That flag is only a yes or no. It does not say how much was removed, and this archive did not open the file to look.
The government's own description of the file is quoted in the next section. If that description and the date or place cells disagree, both are printed here and neither has been ""fixed."""
dos-uap-d002,DOS-UAP-D002,"DOS-UAP-D002, Diplomatic Cable, Brazil, November 20, 1963",pursue-05,Department of State,document,2026-08-07,1963-11-20,11/20/63,day,"Bahia, Brazil","Bahia, Brazil",false,not_flagged,false,,,,,false,72,records/dos-uap-d002.md,"This is one file in the U.S. Department of War PURSUE catalog, Release 05 (August 7, 2026). The agency on the row is Department of State. The catalog calls the file type PDF. The incident date cell says ""11/20/63"". The incident location cell says ""Bahia, Brazil"". The catalog does not flag this row as redacted. That flag is only a yes or no. It does not say how much was removed, and this archive did not open the file to look.
The government's own description of the file is quoted in the next section. If that description and the date or place cells disagree, both are printed here and neither has been ""fixed."""
dow-uap-d003,DOW-UAP-D003,"DOW-UAP-D003, Mission Report, Arabian Gulf, 2020",pursue-01,Department of War,document,2026-05-08,,N/A,unknown,,N/A,true,flagged,false,,,,,false,73,records/dow-uap-d003.md,"This is one file in the U.S. Department of War PURSUE catalog, Release 01 (May 8, 2026). The agency on the row is Department of War. The catalog calls the file type PDF. The incident date cell says ""N/A"". The incident location cell says ""N/A"". The catalog flags this row as redacted. That flag is only a yes or no. It does not say how much was removed, and this archive did not open the file to look.
The government's own description of the file is quoted in the next section. If that description and the date or place cells disagree, both are printed here and neither has been ""fixed."""
dow-uap-d004,DOW-UAP-D004,"DOW-UAP-D004, Mission Report, Arabian Gulf, 2020",pursue-01,Department of War,document,2026-05-08,,N/A,unknown,,N/A,true,flagged,false,,,,,false,74,records/dow-uap-d004.md,"This is one file in the U.S. Department of War PURSUE catalog, Release 01 (May 8, 2026). The agency on the row is Department of War. The catalog calls the file type PDF. The incident date cell says ""N/A"". The incident location cell says ""N/A"". The catalog flags this row as redacted. That flag is only a yes or no. It does not say how much was removed, and this archive did not open the file to look.
The government's own description of the file is quoted in the next section. If that description and the date or place cells disagree, both are printed here and neither has been ""fixed."""
dow-uap-d005,DOW-UAP-D005,"DOW-UAP-D005, Mission Report, Arabian Gulf, 2020",pursue-01,Department of War,document,2026-05-08,,N/A,unknown,Mediterranean Sea,Mediterranean Sea,true,flagged,false,,,,,false,75,records/dow-uap-d005.md,"This is one file in the U.S. Department of War PURSUE catalog, Release 01 (May 8, 2026). The agency on the row is Department of War. The catalog calls the file type PDF. The incident date cell says ""N/A"". The incident location cell says ""Mediterranean Sea"". The catalog flags this row as redacted. That flag is only a yes or no. It does not say how much was removed, and this archive did not open the file to look.
The government's own description of the file is quoted in the next section. If that description and the date or place cells disagree, both are printed here and neither has been ""fixed."""
dow-uap-d006,DOW-UAP-D006,"DOW-UAP-D006, Mission Report, Arabian Gulf, 2020",pursue-01,Department of War,document,2026-05-08,,N/A,unknown,Pacific Ocean,Pacific Ocean,true,flagged,false,,,,,false,76,records/dow-uap-d006.md,"This is one file in the U.S. Department of War PURSUE catalog, Release 01 (May 8, 2026). The agency on the row is Department of War. The catalog calls the file type PDF. The incident date cell says ""N/A"". The incident location cell says ""Pacific Ocean"". The catalog flags this row as redacted. That flag is only a yes or no. It does not say how much was removed, and this archive did not open the file to look.
The government's own description of the file is quoted in the next section. If that description and the date or place cells disagree, both are printed here and neither has been ""fixed."""
dow-uap-d007,DOW-UAP-D007,"DOW-UAP-D007, Mission Report, Arabian Gulf, 2020",pursue-01,Department of War,document,2026-05-08,,N/A,unknown,,N/A,true,flagged,false,,,,,false,77,records/dow-uap-d007.md,"This is one file in the U.S. Department of War PURSUE catalog, Release 01 (May 8, 2026). The agency on the row is Department of War. The catalog calls the file type PDF. The incident date cell says ""N/A"". The incident location cell says ""N/A"". The catalog flags this row as redacted. That flag is only a yes or no. It does not say how much was removed, and this archive did not open the file to look.
The government's own description of the file is quoted in the next section. If that description and the date or place cells disagree, both are printed here and neither has been ""fixed."""
dow-uap-d008,DOW-UAP-D008,"DOW-UAP-D008, Mission Report, Djibouti, 2025",pursue-01,Department of War,document,2026-05-08,,N/A,unknown,Mediterranean Sea,Mediterranean Sea,true,flagged,false,,,,,false,78,records/dow-uap-d008.md,"This is one file in the U.S. Department of War PURSUE catalog, Release 01 (May 8, 2026). The agency on the row is Department of War. The catalog calls the file type PDF. The incident date cell says ""N/A"". The incident location cell says ""Mediterranean Sea"". The catalog flags this row as redacted. That flag is only a yes or no. It does not say how much was removed, and this archive did not open the file to look.
The government's own description of the file is quoted in the next section. If that description and the date or place cells disagree, both are printed here and neither has been ""fixed."""
dow-uap-d010,DOW-UAP-D010,"DOW-UAP-D010, Mission Report, Middle East, May 2022",pursue-01,Department of War,document,2026-05-08,2022-05-06,5/6/22,day,Iraq,Iraq,true,flagged,false,1006056,6814452,https://d34w7g4gy10iej.cloudfront.net/video/2605/DOD_111688723/DOD_111688723.mp4,,false,79,records/dow-uap-d010.md,"This is one file in the U.S. Department of War PURSUE catalog, Release 01 (May 8, 2026). The agency on the row is Department of War. The catalog calls the file type PDF. The incident date cell says ""5/6/22"". The incident location cell says ""Iraq"". The catalog flags this row as redacted. That flag is only a yes or no. It does not say how much was removed, and this archive did not open the file to look.
The government's own description of the file is quoted in the next section. If that description and the date or place cells disagree, both are printed here and neither has been ""fixed."""
dow-uap-d012,DOW-UAP-D012,"DOW-UAP-D012, Mission Report, Iraq, May 2022",pursue-01,Department of War,document,2026-05-08,2022-05-20,5/20/22,day,Iraq,Iraq,true,flagged,false,,,,,false,80,records/dow-uap-d012.md,"This is one file in the U.S. Department of War PURSUE catalog, Release 01 (May 8, 2026). The agency on the row is Department of War. The catalog calls the file type PDF. The incident date cell says ""5/20/22"". The incident location cell says ""Iraq"". The catalog flags this row as redacted. That flag is only a yes or no. It does not say how much was removed, and this archive did not open the file to look.
The government's own description of the file is quoted in the next section. If that description and the date or place cells disagree, both are printed here and neither has been ""fixed."""
dow-uap-d014,DOW-UAP-D014,"DOW-UAP-D014, Mission Report, Iraq, May 2022",pursue-01,Department of War,document,2026-05-08,2022-05-29,5/29/22,day,Syria,Syria,true,flagged,false,1006059,12752210,https://d34w7g4gy10iej.cloudfront.net/video/2605/DOD_111688762/DOD_111688762.mp4,,false,81,records/dow-uap-d014.md,"This is one file in the U.S. Department of War PURSUE catalog, Release 01 (May 8, 2026). The agency on the row is Department of War. The catalog calls the file type PDF. The incident date cell says ""5/29/22"". The incident location cell says ""Syria"". The catalog flags this row as redacted. That flag is only a yes or no. It does not say how much was removed, and this archive did not open the file to look.
The government's own description of the file is quoted in the next section. If that description and the date or place cells disagree, both are printed here and neither has been ""fixed."""
dow-uap-d016,DOW-UAP-D016,"DOW-UAP-D016, Mission Report, Syria, July 2022",pursue-01,Department of War,document,2026-05-08,2022-07-31,7/31/22,day,Syria,Syria,true,flagged,false,1006060,3982264,https://d34w7g4gy10iej.cloudfront.net/video/2605/DOD_111688775/DOD_111688775.mp4,,false,82,records/dow-uap-d016.md,"This is one file in the U.S. Department of War PURSUE catalog, Release 01 (May 8, 2026). The agency on the row is Department of War. The catalog calls the file type PDF. The incident date cell says ""7/31/22"". The incident location cell says ""Syria"". The catalog flags this row as redacted. That flag is only a yes or no. It does not say how much was removed, and this archive did not open the file to look.
The government's own description of the file is quoted in the next section. If that description and the date or place cells disagree, both are printed here and neither has been ""fixed."""
dow-uap-d017,DOW-UAP-D017,"DOW-UAP-D017, UAP Reported at Sandia Base, 1948-1950",pursue-02,Department of War,document,2026-05-22,1948-1950,1948-1950,range,New Mexico,New Mexico,false,not_flagged,false,,,,,false,83,records/dow-uap-d017.md,"This is one file in the U.S. Department of War PURSUE catalog, Release 02 (May 22, 2026). The agency on the row is Department of War. The catalog calls the file type PDF. The incident date cell says ""1948-1950"". The incident location cell says ""New Mexico"". The catalog does not flag this row as redacted. That flag is only a yes or no. It does not say how much was removed, and this archive did not open the file to look.
The government's own description of the file is quoted in the next section. If that description and the date or place cells disagree, both are printed here and neither has been ""fixed."""
dow-uap-d018,DOW-UAP-D018,"DOW-UAP-D018, Mission Report, Iraq, December 2022",pursue-01,Department of War,document,2026-05-08,2022-12-01,12/1/22,day,Iraq,Iraq,true,flagged,false,1006062,5300653,https://d34w7g4gy10iej.cloudfront.net/video/2605/DOD_111688809/DOD_111688809.mp4,,false,84,records/dow-uap-d018.md,"This is one file in the U.S. Department of War PURSUE catalog, Release 01 (May 8, 2026). The agency on the row is Department of War. The catalog calls the file type PDF. The incident date cell says ""12/1/22"". The incident location cell says ""Iraq"". The catalog flags this row as redacted. That flag is only a yes or no. It does not say how much was removed, and this archive did not open the file to look.
The government's own description of the file is quoted in the next section. If that description and the date or place cells disagree, both are printed here and neither has been ""fixed."""
dow-uap-d019,DOW-UAP-D019,"DOW-UAP-D019, Mission Report, Syria, February 21, 2023",pursue-01,Department of War,document,2026-05-08,2023-02-21,2/21/23,day,Syria,Syria,true,flagged,false,,,,,false,85,records/dow-uap-d019.md,"This is one file in the U.S. Department of War PURSUE catalog, Release 01 (May 8, 2026). The agency on the row is Department of War. The catalog calls the file type PDF. The incident date cell says ""2/21/23"". The incident location cell says ""Syria"". The catalog flags this row as redacted. That flag is only a yes or no. It does not say how much was removed, and this archive did not open the file to look.
The government's own description of the file is quoted in the next section. If that description and the date or place cells disagree, both are printed here and neither has been ""fixed."""
dow-uap-d020,DOW-UAP-D020,"DOW-UAP-D020, Mission Report, Iraq, 2023",pursue-01,Department of War,document,2026-05-08,2023-03-31,3/31/23,day,Iraq,Iraq,true,flagged,false,,,,,false,86,records/dow-uap-d020.md,"This is one file in the U.S. Department of War PURSUE catalog, Release 01 (May 8, 2026). The agency on the row is Department of War. The catalog calls the file type PDF. The incident date cell says ""3/31/23"". The incident location cell says ""Iraq"". The catalog flags this row as redacted. That flag is only a yes or no. It does not say how much was removed, and this archive did not open the file to look.
The government's own description of the file is quoted in the next section. If that description and the date or place cells disagree, both are printed here and neither has been ""fixed."""
dow-uap-d023,DOW-UAP-D023,"DOW-UAP-D023, Mission Report, United Arab Emirates, October 2023",pursue-01,Department of War,document,2026-05-08,2023-10-31,10/31/23,day,Arabian Gulf,Arabian Gulf,true,flagged,false,1006063,27493716,https://d34w7g4gy10iej.cloudfront.net/video/2605/DOD_111688816/DOD_111688816.mp4,,false,87,records/dow-uap-d023.md,"This is one file in the U.S. Department of War PURSUE catalog, Release 01 (May 8, 2026). The agency on the row is Department of War. The catalog calls the file type PDF. The incident date cell says ""10/31/23"". The incident location cell says ""Arabian Gulf"". The catalog flags this row as redacted. That flag is only a yes or no. It does not say how much was removed, and this archive did not open the file to look.
The government's own description of the file is quoted in the next section. If that description and the date or place cells disagree, both are printed here and neither has been ""fixed."""
dow-uap-d025,DOW-UAP-D025,"DOW-UAP-D025, Mission Report, Greece, January 2024",pursue-01,Department of War,document,2026-05-08,2024-01-25,1/25/24,day,Mediterranean Sea,Mediterranean Sea,true,flagged,false,,,,,false,88,records/dow-uap-d025.md,"This is one file in the U.S. Department of War PURSUE catalog, Release 01 (May 8, 2026). The agency on the row is Department of War. The catalog calls the file type PDF. The incident date cell says ""1/25/24"". The incident location cell says ""Mediterranean Sea"". The catalog flags this row as redacted. That flag is only a yes or no. It does not say how much was removed, and this archive did not open the file to look.
The government's own description of the file is quoted in the next section. If that description and the date or place cells disagree, both are printed here and neither has been ""fixed."""
dow-uap-d027,DOW-UAP-D027,"DOW-UAP-D027, Mission Report, United Arab Emirates, October 2023",pursue-01,Department of War,document,2026-05-08,2024-06-07,6/7/24,day,Gulf of Oman,Gulf of Oman,true,flagged,false,,,,,false,89,records/dow-uap-d027.md,"This is one file in the U.S. Department of War PURSUE catalog, Release 01 (May 8, 2026). The agency on the row is Department of War. The catalog calls the file type PDF. The incident date cell says ""6/7/24"". The incident location cell says ""Gulf of Oman"". The catalog flags this row as redacted. That flag is only a yes or no. It does not say how much was removed, and this archive did not open the file to look.
The government's own description of the file is quoted in the next section. If that description and the date or place cells disagree, both are printed here and neither has been ""fixed."""
dow-uap-d028,DOW-UAP-D028,"DOW-UAP-D028, Mission Report, Iraq, September 2024",pursue-01,Department of War,document,2026-05-08,2024-09-20,9/20/24,day,Iraq,Iraq,true,flagged,false,,,,,false,90,records/dow-uap-d028.md,"This is one file in the U.S. Department of War PURSUE catalog, Release 01 (May 8, 2026). The agency on the row is Department of War. The catalog calls the file type PDF. The incident date cell says ""9/20/24"". The incident location cell says ""Iraq"". The catalog flags this row as redacted. That flag is only a yes or no. It does not say how much was removed, and this archive did not open the file to look.
The government's own description of the file is quoted in the next section. If that description and the date or place cells disagree, both are printed here and neither has been ""fixed."""
dow-uap-d032,DOW-UAP-D032,"DOW-UAP-D032, Mission Report, Syria, October 2024",pursue-01,Department of War,document,2026-05-08,2024-10-20,10/20/24,day,Syria,Syria,true,flagged,false,1006076,644525,https://d34w7g4gy10iej.cloudfront.net/video/2605/DOD_111688970/DOD_111688970.mp4,,false,91,records/dow-uap-d032.md,"This is one file in the U.S. Department of War PURSUE catalog, Release 01 (May 8, 2026). The agency on the row is Department of War. The catalog calls the file type PDF. The incident date cell says ""10/20/24"". The incident location cell says ""Syria"". The catalog flags this row as redacted. That flag is only a yes or no. It does not say how much was removed, and this archive did not open the file to look.
The government's own description of the file is quoted in the next section. If that description and the date or place cells disagree, both are printed here and neither has been ""fixed."""
dow-uap-d033,DOW-UAP-D033,"DOW-UAP-D033, Mission Report, Greece, October 2023",pursue-01,Department of War,document,2026-05-08,2023-10-27,10/27/23,day,Aegean Sea,Aegean Sea,true,flagged,false,1006080,198248609,https://d34w7g4gy10iej.cloudfront.net/video/2605/DOD_111689011/DOD_111689011.mp4,,false,92,records/dow-uap-d033.md,"This is one file in the U.S. Department of War PURSUE catalog, Release 01 (May 8, 2026). The agency on the row is Department of War. The catalog calls the file type PDF. The incident date cell says ""10/27/23"". The incident location cell says ""Aegean Sea"". The catalog flags this row as redacted. That flag is only a yes or no. It does not say how much was removed, and this archive did not open the file to look.
The government's own description of the file is quoted in the next section. If that description and the date or place cells disagree, both are printed here and neither has been ""fixed."""
dow-uap-d035,DOW-UAP-D035,"DOW-UAP-D035, Mission Report, Greece, October 2023",pursue-01,Department of War,document,2026-05-08,2023-10-29,10/29/23,day,Aegean Sea,Aegean Sea,true,flagged,false,1006082,2406930,https://d34w7g4gy10iej.cloudfront.net/video/2605/DOD_111689022/DOD_111689022.mp4,,false,93,records/dow-uap-d035.md,"This is one file in the U.S. Department of War PURSUE catalog, Release 01 (May 8, 2026). The agency on the row is Department of War. The catalog calls the file type PDF. The incident date cell says ""10/29/23"". The incident location cell says ""Aegean Sea"". The catalog flags this row as redacted. That flag is only a yes or no. It does not say how much was removed, and this archive did not open the file to look.
The government's own description of the file is quoted in the next section. If that description and the date or place cells disagree, both are printed here and neither has been ""fixed."""
dow-uap-d038,DOW-UAP-D038,"DOW-UAP-D038, Range Fouler Debrief, Middle East, May 2020",pursue-01,Department of War,document,2026-05-08,2020-05-14,5/14/20,day,Arabian Gulf,Arabian Gulf,true,flagged,false,1006083,142686223,https://d34w7g4gy10iej.cloudfront.net/video/2605/DOD_111689030/DOD_111689030.mp4,,false,94,records/dow-uap-d038.md,"This is one file in the U.S. Department of War PURSUE catalog, Release 01 (May 8, 2026). The agency on the row is Department of War. The catalog calls the file type PDF. The incident date cell says ""5/14/20"". The incident location cell says ""Arabian Gulf"". The catalog flags this row as redacted. That flag is only a yes or no. It does not say how much was removed, and this archive did not open the file to look.
The government's own description of the file is quoted in the next section. If that description and the date or place cells disagree, both are printed here and neither has been ""fixed."""
dow-uap-d042,DOW-UAP-D042,"DOW-UAP-D042, Range Fouler Debrief, Japan, 2023",pursue-01,Department of War,document,2026-05-08,2020-08-31,8/31/20,day,Arabian Gulf,Arabian Gulf,true,flagged,false,,,,,false,95,records/dow-uap-d042.md,"This is one file in the U.S. Department of War PURSUE catalog, Release 01 (May 8, 2026). The agency on the row is Department of War. The catalog calls the file type PDF. The incident date cell says ""8/31/20"". The incident location cell says ""Arabian Gulf"". The catalog flags this row as redacted. That flag is only a yes or no. It does not say how much was removed, and this archive did not open the file to look.
The government's own description of the file is quoted in the next section. If that description and the date or place cells disagree, both are printed here and neither has been ""fixed."""
dow-uap-d044,DOW-UAP-D044,"DOW-UAP-D044, Range Fouler Reporting Form, Gulf of Aden, October 2020",pursue-01,Department of War,document,2026-05-08,2020-10-15,10/15/20,day,Arabian Sea,Arabian Sea,true,flagged,false,,,,,false,96,records/dow-uap-d044.md,"This is one file in the U.S. Department of War PURSUE catalog, Release 01 (May 8, 2026). The agency on the row is Department of War. The catalog calls the file type PDF. The incident date cell says ""10/15/20"". The incident location cell says ""Arabian Sea"". The catalog flags this row as redacted. That flag is only a yes or no. It does not say how much was removed, and this archive did not open the file to look.
The government's own description of the file is quoted in the next section. If that description and the date or place cells disagree, both are printed here and neither has been ""fixed."""
dow-uap-d048,DOW-UAP-D048,"DOW-UAP-D048, Department of the Air Force Report, 1996",pursue-01,Department of War,document,2026-05-08,1996-09-10,9/10/96,day,,N/A,false,not_flagged,false,,,,,false,97,records/dow-uap-d048.md,"This is one file in the U.S. Department of War PURSUE catalog, Release 01 (May 8, 2026). The agency on the row is Department of War. The catalog calls the file type PDF. The incident date cell says ""9/10/96"". The incident location cell says ""N/A"". The catalog does not flag this row as redacted. That flag is only a yes or no. It does not say how much was removed, and this archive did not open the file to look.
The government's own description of the file is quoted in the next section. If that description and the date or place cells disagree, both are printed here and neither has been ""fixed."""
dow-uap-d049,DOW-UAP-D049,"DOW-UAP-D049, Launch Summary, Vandenberg AFB, 2000",pursue-01,Department of War,document,2026-05-08,2000-02-03,2/3/00,day,,N/A,false,not_flagged,false,,,,,false,98,records/dow-uap-d049.md,"This is one file in the U.S. Department of War PURSUE catalog, Release 01 (May 8, 2026). The agency on the row is Department of War. The catalog calls the file type PDF. The incident date cell says ""2/3/00"". The incident location cell says ""N/A"". The catalog does not flag this row as redacted. That flag is only a yes or no. It does not say how much was removed, and this archive did not open the file to look.
The government's own description of the file is quoted in the next section. If that description and the date or place cells disagree, both are printed here and neither has been ""fixed."""
dow-uap-d050,DOW-UAP-D050,"DOW-UAP-D050, Email Correspondence, INDOPACOM, April 2025",pursue-01,Department of War,document,2026-05-08,,4/10/2025-4/11/2025,unknown,,N/A,true,flagged,false,,,,,false,99,records/dow-uap-d050.md,"This is one file in the U.S. Department of War PURSUE catalog, Release 01 (May 8, 2026). The agency on the row is Department of War. The catalog calls the file type PDF. The incident date cell says ""4/10/2025-4/11/2025"". The incident location cell says ""N/A"". The catalog flags this row as redacted. That flag is only a yes or no. It does not say how much was removed, and this archive did not open the file to look.
The government's own description of the file is quoted in the next section. If that description and the date or place cells disagree, both are printed here and neither has been ""fixed."""
dow-uap-d051,DOW-UAP-D051,"DOW-UAP-D051, Email Correspondence, Pacific Time Zone, March 2023",pursue-01,Department of War,document,2026-05-08,2026-03-23,3/23/26,day,Pacific Time Zone,Pacific Time Zone,true,flagged,false,,,,,false,100,records/dow-uap-d051.md,"This is one file in the U.S. Department of War PURSUE catalog, Release 01 (May 8, 2026). The agency on the row is Department of War. The catalog calls the file type PDF. The incident date cell says ""3/23/26"". The incident location cell says ""Pacific Time Zone"". The catalog flags this row as redacted. That flag is only a yes or no. It does not say how much was removed, and this archive did not open the file to look.
The government's own description of the file is quoted in the next section. If that description and the date or place cells disagree, both are printed here and neither has been ""fixed."""
dow-uap-d052,DOW-UAP-D052,"DOW-UAP-D052, Email Correspondence, NA, August 2024",pursue-01,Department of War,document,2026-05-08,2024-10-31,10/31/24,day,,N/A,true,flagged,false,,,,,false,101,records/dow-uap-d052.md,"This is one file in the U.S. Department of War PURSUE catalog, Release 01 (May 8, 2026). The agency on the row is Department of War. The catalog calls the file type PDF. The incident date cell says ""10/31/24"". The incident location cell says ""N/A"". The catalog flags this row as redacted. That flag is only a yes or no. It does not say how much was removed, and this archive did not open the file to look.
The government's own description of the file is quoted in the next section. If that description and the date or place cells disagree, both are printed here and neither has been ""fixed."""
dow-uap-d054,DOW-UAP-D054,"DOW-UAP-D054, Mission Report, Mediterranean Sea, NA",pursue-01,Department of War,document,2026-05-08,,N/A,unknown,Mediterranean Sea,Mediterranean Sea,true,flagged,false,,,,,false,102,records/dow-uap-d054.md,"This is one file in the U.S. Department of War PURSUE catalog, Release 01 (May 8, 2026). The agency on the row is Department of War. The catalog calls the file type PDF. The incident date cell says ""N/A"". The incident location cell says ""Mediterranean Sea"". The catalog flags this row as redacted. That flag is only a yes or no. It does not say how much was removed, and this archive did not open the file to look.
The government's own description of the file is quoted in the next section. If that description and the date or place cells disagree, both are printed here and neither has been ""fixed."""
dow-uap-d055,DOW-UAP-D055,"DOW-UAP-D055, Mission Report, Syria, November 2016",pursue-01,Department of War,document,2026-05-08,2016-11-18,11/18/16,day,Syria,Syria,true,flagged,false,,,,,false,103,records/dow-uap-d055.md,"This is one file in the U.S. Department of War PURSUE catalog, Release 01 (May 8, 2026). The agency on the row is Department of War. The catalog calls the file type PDF. The incident date cell says ""11/18/16"". The incident location cell says ""Syria"". The catalog flags this row as redacted. That flag is only a yes or no. It does not say how much was removed, and this archive did not open the file to look.
The government's own description of the file is quoted in the next section. If that description and the date or place cells disagree, both are printed here and neither has been ""fixed."""
dow-uap-d056,DOW-UAP-D056,"DOW-UAP-D056, Range Fouler Debrief, Arabian Sea, August 2020",pursue-01,Department of War,document,2026-05-08,2020-08-24,8/24/20,day,Arabian Sea,Arabian Sea,true,flagged,false,,,,,false,104,records/dow-uap-d056.md,"This is one file in the U.S. Department of War PURSUE catalog, Release 01 (May 8, 2026). The agency on the row is Department of War. The catalog calls the file type PDF. The incident date cell says ""8/24/20"". The incident location cell says ""Arabian Sea"". The catalog flags this row as redacted. That flag is only a yes or no. It does not say how much was removed, and this archive did not open the file to look.
The government's own description of the file is quoted in the next section. If that description and the date or place cells disagree, both are printed here and neither has been ""fixed."""
dow-uap-d057,DOW-UAP-D057,"DOW-UAP-D057, Range Fouler Reporting Form, Gulf of Aden, September 2020",pursue-01,Department of War,document,2026-05-08,2020-09-04,9/4/20,day,Gulf of Aden,Gulf of Aden,true,flagged,false,,,,,false,105,records/dow-uap-d057.md,"This is one file in the U.S. Department of War PURSUE catalog, Release 01 (May 8, 2026). The agency on the row is Department of War. The catalog calls the file type PDF. The incident date cell says ""9/4/20"". The incident location cell says ""Gulf of Aden"". The catalog flags this row as redacted. That flag is only a yes or no. It does not say how much was removed, and this archive did not open the file to look.
The government's own description of the file is quoted in the next section. If that description and the date or place cells disagree, both are printed here and neither has been ""fixed."""
dow-uap-d058,DOW-UAP-D058,"DOW-UAP-D058, Range Fouler Debrief, NA, October 2020",pursue-01,Department of War,document,2026-05-08,2020-10-27,10/27/20,day,,N/A,true,flagged,false,,,,,false,106,records/dow-uap-d058.md,"This is one file in the U.S. Department of War PURSUE catalog, Release 01 (May 8, 2026). The agency on the row is Department of War. The catalog calls the file type PDF. The incident date cell says ""10/27/20"". The incident location cell says ""N/A"". The catalog flags this row as redacted. That flag is only a yes or no. It does not say how much was removed, and this archive did not open the file to look.
The government's own description of the file is quoted in the next section. If that description and the date or place cells disagree, both are printed here and neither has been ""fixed."""
dow-uap-d060,DOW-UAP-D060,"DOW-UAP-D060, Mission Report, Arabian Gulf, August 2020",pursue-01,Department of War,document,2026-05-08,2020-08-08,8/8/20,day,Arabian Gulf,Arabian Gulf,true,flagged,false,,,,,false,107,records/dow-uap-d060.md,"This is one file in the U.S. Department of War PURSUE catalog, Release 01 (May 8, 2026). The agency on the row is Department of War. The catalog calls the file type PDF. The incident date cell says ""8/8/20"". The incident location cell says ""Arabian Gulf"". The catalog flags this row as redacted. That flag is only a yes or no. It does not say how much was removed, and this archive did not open the file to look.
The government's own description of the file is quoted in the next section. If that description and the date or place cells disagree, both are printed here and neither has been ""fixed."""
dow-uap-d061,DOW-UAP-D061,"DOW-UAP-D061, Mission Report, Arabian Gulf, August 2020",pursue-01,Department of War,document,2026-05-08,2020-08-27,8/27/20,day,Arabian Gulf,Arabian Gulf,true,flagged,false,,,,,false,108,records/dow-uap-d061.md,"This is one file in the U.S. Department of War PURSUE catalog, Release 01 (May 8, 2026). The agency on the row is Department of War. The catalog calls the file type PDF. The incident date cell says ""8/27/20"". The incident location cell says ""Arabian Gulf"". The catalog flags this row as redacted. That flag is only a yes or no. It does not say how much was removed, and this archive did not open the file to look.
The government's own description of the file is quoted in the next section. If that description and the date or place cells disagree, both are printed here and neither has been ""fixed."""
dow-uap-d062,DOW-UAP-D062,"DOW-UAP-D062, Mission Report, Strait of Hormuz, September 2020",pursue-01,Department of War,document,2026-05-08,2020-09-16,9/16/20,day,Strait of Hormuz,Strait of Hormuz,true,flagged,false,,,,,false,109,records/dow-uap-d062.md,"This is one file in the U.S. Department of War PURSUE catalog, Release 01 (May 8, 2026). The agency on the row is Department of War. The catalog calls the file type PDF. The incident date cell says ""9/16/20"". The incident location cell says ""Strait of Hormuz"". The catalog flags this row as redacted. That flag is only a yes or no. It does not say how much was removed, and this archive did not open the file to look.
The government's own description of the file is quoted in the next section. If that description and the date or place cells disagree, both are printed here and neither has been ""fixed."""
dow-uap-d063,DOW-UAP-D063,"DOW-UAP-D063, Mission Report, Strait of Hormuz, October 2020",pursue-01,Department of War,document,2026-05-08,2020-10-01,10/1/20,day,Strait of Hormuz,Strait of Hormuz,true,flagged,false,,,,,false,110,records/dow-uap-d063.md,"This is one file in the U.S. Department of War PURSUE catalog, Release 01 (May 8, 2026). The agency on the row is Department of War. The catalog calls the file type PDF. The incident date cell says ""10/1/20"". The incident location cell says ""Strait of Hormuz"". The catalog flags this row as redacted. That flag is only a yes or no. It does not say how much was removed, and this archive did not open the file to look.
The government's own description of the file is quoted in the next section. If that description and the date or place cells disagree, both are printed here and neither has been ""fixed."""
dow-uap-d064,DOW-UAP-D064,"DOW-UAP-D064, Mission Report, Iran, November 2020",pursue-01,Department of War,document,2026-05-08,2020-11-02,11/2/20,day,Iran,Iran,true,flagged,false,,,,,false,111,records/dow-uap-d064.md,"This is one file in the U.S. Department of War PURSUE catalog, Release 01 (May 8, 2026). The agency on the row is Department of War. The catalog calls the file type PDF. The incident date cell says ""11/2/20"". The incident location cell says ""Iran"". The catalog flags this row as redacted. That flag is only a yes or no. It does not say how much was removed, and this archive did not open the file to look.
The government's own description of the file is quoted in the next section. If that description and the date or place cells disagree, both are printed here and neither has been ""fixed."""
dow-uap-d065,DOW-UAP-D065,"DOW-UAP-D065, Mission Report, Arabian Gulf, July 2020",pursue-01,Department of War,document,2026-05-08,2020-07-16,7/16/20,day,Arabian Gulf,Arabian Gulf,true,flagged,false,,,,,false,112,records/dow-uap-d065.md,"This is one file in the U.S. Department of War PURSUE catalog, Release 01 (May 8, 2026). The agency on the row is Department of War. The catalog calls the file type PDF. The incident date cell says ""7/16/20"". The incident location cell says ""Arabian Gulf"". The catalog flags this row as redacted. That flag is only a yes or no. It does not say how much was removed, and this archive did not open the file to look.
The government's own description of the file is quoted in the next section. If that description and the date or place cells disagree, both are printed here and neither has been ""fixed."""
dow-uap-d074,DOW-UAP-D074,"DOW-UAP-D074, Mission Report, Syria, November 2023",pursue-01,Department of War,document,2026-05-08,2023-11-09,11/9/23,day,Syria,Syria,true,flagged,false,,,,,false,113,records/dow-uap-d074.md,"This is one file in the U.S. Department of War PURSUE catalog, Release 01 (May 8, 2026). The agency on the row is Department of War. The catalog calls the file type PDF. The incident date cell says ""11/9/23"". The incident location cell says ""Syria"". The catalog flags this row as redacted. That flag is only a yes or no. It does not say how much was removed, and this archive did not open the file to look.
The government's own description of the file is quoted in the next section. If that description and the date or place cells disagree, both are printed here and neither has been ""fixed."""
dow-uap-d075,DOW-UAP-D075,"DOW-UAP-D075, Mission Report, Gulf of Aden, July 2024",pursue-01,Department of War,document,2026-05-08,2024-07-14,7/14/24,day,Gulf of Aden,Gulf of Aden,true,flagged,false,,,,,false,114,records/dow-uap-d075.md,"This is one file in the U.S. Department of War PURSUE catalog, Release 01 (May 8, 2026). The agency on the row is Department of War. The catalog calls the file type PDF. The incident date cell says ""7/14/24"". The incident location cell says ""Gulf of Aden"". The catalog flags this row as redacted. That flag is only a yes or no. It does not say how much was removed, and this archive did not open the file to look.
The government's own description of the file is quoted in the next section. If that description and the date or place cells disagree, both are printed here and neither has been ""fixed."""
dow-uap-d077,DOW-UAP-D077,"DOW-UAP-D077, AARO Unresolved Case Analysis Update: Western United States Event",pursue-03,Department of War,document,2026-06-12,2023,2023,year,Western United States,Western United States,false,not_flagged,false,,,,western-us-event-2023,false,115,records/dow-uap-d077.md,"This is one file in the U.S. Department of War PURSUE catalog, Release 03 (June 12, 2026). The agency on the row is Department of War. The catalog calls the file type PDF. The incident date cell says ""2023"". The incident location cell says ""Western United States"". The catalog does not flag this row as redacted. That flag is only a yes or no. It does not say how much was removed, and this archive did not open the file to look.
The government's own description of the file is quoted in the next section. If that description and the date or place cells disagree, both are printed here and neither has been ""fixed."""
dow-uap-d078,DOW-UAP-D078,"DOW-UAP-D078, Notional Map: Western United States Event",pursue-03,Department of War,document,2026-06-12,2023-10,"October, 2023",month,Westen United States,Westen United States,false,not_flagged,false,,,,western-us-event-2023,false,116,records/dow-uap-d078.md,"This is one file in the U.S. Department of War PURSUE catalog, Release 03 (June 12, 2026). The agency on the row is Department of War. The catalog calls the file type PDF. The incident date cell says ""October, 2023"". The incident location cell says ""Westen United States"". The catalog does not flag this row as redacted. That flag is only a yes or no. It does not say how much was removed, and this archive did not open the file to look.
The government's own description of the file is quoted in the next section. If that description and the date or place cells disagree, both are printed here and neither has been ""fixed."""
dow-uap-d079,DOW-UAP-D079,"DOW-UAP-D079, Narrative Statement 1, Western United States Event, 2023",pursue-03,Department of War,document,2026-06-12,2023-10,"October, 2023",month,Westen United States,Westen United States,false,not_flagged,false,,,,western-us-event-2023,false,117,records/dow-uap-d079.md,"This is one file in the U.S. Department of War PURSUE catalog, Release 03 (June 12, 2026). The agency on the row is Department of War. The catalog calls the file type PDF. The incident date cell says ""October, 2023"". The incident location cell says ""Westen United States"". The catalog does not flag this row as redacted. That flag is only a yes or no. It does not say how much was removed, and this archive did not open the file to look.
The government's own description of the file is quoted in the next section. If that description and the date or place cells disagree, both are printed here and neither has been ""fixed."""
dow-uap-d080,DOW-UAP-D080,"DOW-UAP-D080, Narrative Statement 2, Western United States Event, 2023",pursue-03,Department of War,document,2026-06-12,2023-10,"October, 2023",month,Westen United States,Westen United States,false,not_flagged,false,,,,western-us-event-2023,false,118,records/dow-uap-d080.md,"This is one file in the U.S. Department of War PURSUE catalog, Release 03 (June 12, 2026). The agency on the row is Department of War. The catalog calls the file type PDF. The incident date cell says ""October, 2023"". The incident location cell says ""Westen United States"". The catalog does not flag this row as redacted. That flag is only a yes or no. It does not say how much was removed, and this archive did not open the file to look.
The government's own description of the file is quoted in the next section. If that description and the date or place cells disagree, both are printed here and neither has been ""fixed."""
dow-uap-d081,DOW-UAP-D081,"DOW-UAP-D081, Narrative Statement 3, Western United States Event, 2023",pursue-03,Department of War,document,2026-06-12,2023-10,"October, 2023",month,Westen United States,Westen United States,false,not_flagged,false,,,,western-us-event-2023,false,119,records/dow-uap-d081.md,"This is one file in the U.S. Department of War PURSUE catalog, Release 03 (June 12, 2026). The agency on the row is Department of War. The catalog calls the file type PDF. The incident date cell says ""October, 2023"". The incident location cell says ""Westen United States"". The catalog does not flag this row as redacted. That flag is only a yes or no. It does not say how much was removed, and this archive did not open the file to look.
The government's own description of the file is quoted in the next section. If that description and the date or place cells disagree, both are printed here and neither has been ""fixed."""
dow-uap-d082,DOW-UAP-D082,"DOW-UAP-D082, Narrative Statement 4, Western United States Event, 2023",pursue-03,Department of War,document,2026-06-12,2023-10,"October, 2023",month,Westen United States,Westen United States,false,not_flagged,false,,,,western-us-event-2023,false,120,records/dow-uap-d082.md,"This is one file in the U.S. Department of War PURSUE catalog, Release 03 (June 12, 2026). The agency on the row is Department of War. The catalog calls the file type PDF. The incident date cell says ""October, 2023"". The incident location cell says ""Westen United States"". The catalog does not flag this row as redacted. That flag is only a yes or no. It does not say how much was removed, and this archive did not open the file to look.
The government's own description of the file is quoted in the next section. If that description and the date or place cells disagree, both are printed here and neither has been ""fixed."""
dow-uap-d083,DOW-UAP-D083,"DOW-UAP-D083, Narrative Statement 5, Western United States Event, 2023",pursue-03,Department of War,document,2026-06-12,2023-10,"October, 2023",month,Westen United States,Westen United States,true,flagged,false,,,,western-us-event-2023,false,121,records/dow-uap-d083.md,"This is one file in the U.S. Department of War PURSUE catalog, Release 03 (June 12, 2026). The agency on the row is Department of War. The catalog calls the file type PDF. The incident date cell says ""October, 2023"". The incident location cell says ""Westen United States"". The catalog flags this row as redacted. That flag is only a yes or no. It does not say how much was removed, and this archive did not open the file to look.
The government's own description of the file is quoted in the next section. If that description and the date or place cells disagree, both are printed here and neither has been ""fixed."""
dow-uap-d084,DOW-UAP-D084,"DOW-UAP-D084, US Army-Flying-Saucer-Study_1949",pursue-03,Department of War,document,2026-06-12,,,unknown,,,false,not_flagged,false,,,,,false,122,records/dow-uap-d084.md,"This is one file in the U.S. Department of War PURSUE catalog, Release 03 (June 12, 2026). The agency on the row is Department of War. The catalog calls the file type PDF. The incident date cell says ""not given"". The incident location cell says ""not given"". The catalog does not flag this row as redacted. That flag is only a yes or no. It does not say how much was removed, and this archive did not open the file to look.
The government's own description of the file is quoted in the next section. If that description and the date or place cells disagree, both are printed here and neither has been ""fixed."""
dow-uap-d085-transmission-of-cia-scientific-advisory-panel-rept-1953,,DOW-UAP-D085_Transmission-of-CIA-Scientific-Advisory-Panel-Rept_1953,pursue-03,Department of War,document,2026-06-12,1953,1953,year,,,false,not_flagged,false,,,,,false,123,records/dow-uap-d085-transmission-of-cia-scientific-advisory-panel-rept-1953.md,"This is one file in the U.S. Department of War PURSUE catalog, Release 03 (June 12, 2026). The agency on the row is Department of War. The catalog calls the file type PDF. The incident date cell says ""1953"". The incident location cell says ""not given"". The catalog does not flag this row as redacted. That flag is only a yes or no. It does not say how much was removed, and this archive did not open the file to look.
The government's own description of the file is quoted in the next section. If that description and the date or place cells disagree, both are printed here and neither has been ""fixed."""
dow-uap-d086,DOW-UAP-D086,"DOW-UAP-D086, USNavy-Report-of-Flying-Discs_1948",pursue-03,Department of War,document,2026-06-12,,,unknown,,,false,not_flagged,false,,,,,false,124,records/dow-uap-d086.md,"This is one file in the U.S. Department of War PURSUE catalog, Release 03 (June 12, 2026). The agency on the row is Department of War. The catalog calls the file type PDF. The incident date cell says ""not given"". The incident location cell says ""not given"". The catalog does not flag this row as redacted. That flag is only a yes or no. It does not say how much was removed, and this archive did not open the file to look.
The government's own description of the file is quoted in the next section. If that description and the date or place cells disagree, both are printed here and neither has been ""fixed."""
dow-uap-d087,DOW-UAP-D087,"DOW-UAP-D087, U.S. Air Force Analysis of Flying Objects in the United States, 1-100",pursue-03,Department of War,document,2026-06-12,,,unknown,United States,United States,false,not_flagged,false,,,,,false,125,records/dow-uap-d087.md,"This is one file in the U.S. Department of War PURSUE catalog, Release 03 (June 12, 2026). The agency on the row is Department of War. The catalog calls the file type PDF. The incident date cell says ""not given"". The incident location cell says ""United States"". The catalog does not flag this row as redacted. That flag is only a yes or no. It does not say how much was removed, and this archive did not open the file to look.
The government's own description of the file is quoted in the next section. If that description and the date or place cells disagree, both are printed here and neither has been ""fixed."""
dow-uap-d088,DOW-UAP-D088,"DOW-UAP-D088, U.S. Air Force Analysis of Flying Objects in the United States, 101-172",pursue-03,Department of War,document,2026-06-12,,,unknown,,,false,not_flagged,false,,,,,false,126,records/dow-uap-d088.md,"This is one file in the U.S. Department of War PURSUE catalog, Release 03 (June 12, 2026). The agency on the row is Department of War. The catalog calls the file type PDF. The incident date cell says ""not given"". The incident location cell says ""not given"". The catalog does not flag this row as redacted. That flag is only a yes or no. It does not say how much was removed, and this archive did not open the file to look.
The government's own description of the file is quoted in the next section. If that description and the date or place cells disagree, both are printed here and neither has been ""fixed."""
dow-uap-d089,DOW-UAP-D089,"DOW-UAP-D089, Range Fouler Debrief, Eastern United States, 2020",pursue-04,Department of War,document,2026-07-10,2020,2020,year,Eastern United States,Eastern United States,true,flagged,false,,,,,false,127,records/dow-uap-d089.md,"This is one file in the U.S. Department of War PURSUE catalog, Release 04 (July 10, 2026). The agency on the row is Department of War. The catalog calls the file type PDF. The incident date cell says ""2020"". The incident location cell says ""Eastern United States"". The catalog flags this row as redacted. That flag is only a yes or no. It does not say how much was removed, and this archive did not open the file to look.
The government's own description of the file is quoted in the next section. If that description and the date or place cells disagree, both are printed here and neither has been ""fixed."""
dow-uap-d090,DOW-UAP-D090,"DOW-UAP-D090, Range Fouler Debrief, Eastern United States, 2019",pursue-04,Department of War,document,2026-07-10,2019,2019,year,Eastern United States,Eastern United States,true,flagged,false,,,,,false,128,records/dow-uap-d090.md,"This is one file in the U.S. Department of War PURSUE catalog, Release 04 (July 10, 2026). The agency on the row is Department of War. The catalog calls the file type PDF. The incident date cell says ""2019"". The incident location cell says ""Eastern United States"". The catalog flags this row as redacted. That flag is only a yes or no. It does not say how much was removed, and this archive did not open the file to look.
The government's own description of the file is quoted in the next section. If that description and the date or place cells disagree, both are printed here and neither has been ""fixed."""
dow-uap-d091,DOW-UAP-D091,"DOW-UAP-D091, Range Fouler Debrief, Atlantic Ocean, 2020",pursue-04,Department of War,document,2026-07-10,2020,2020,year,Atlantic Ocean,Atlantic Ocean,true,flagged,false,,,,,false,129,records/dow-uap-d091.md,"This is one file in the U.S. Department of War PURSUE catalog, Release 04 (July 10, 2026). The agency on the row is Department of War. The catalog calls the file type PDF. The incident date cell says ""2020"". The incident location cell says ""Atlantic Ocean"". The catalog flags this row as redacted. That flag is only a yes or no. It does not say how much was removed, and this archive did not open the file to look.
The government's own description of the file is quoted in the next section. If that description and the date or place cells disagree, both are printed here and neither has been ""fixed."""
dow-uap-d092,DOW-UAP-D092,"DOW-UAP-D092, Department of the Air Force Committee to Review Project Bluebook, 1966-1967",pursue-04,Department of War,document,2026-07-10,1967-04-17,4/17/67,day,Various,Various,false,not_flagged,false,,,,,false,130,records/dow-uap-d092.md,"This is one file in the U.S. Department of War PURSUE catalog, Release 04 (July 10, 2026). The agency on the row is Department of War. The catalog calls the file type PDF. The incident date cell says ""4/17/67"". The incident location cell says ""Various"". The catalog does not flag this row as redacted. That flag is only a yes or no. It does not say how much was removed, and this archive did not open the file to look.
The government's own description of the file is quoted in the next section. If that description and the date or place cells disagree, both are printed here and neither has been ""fixed."""
dow-uap-d093,DOW-UAP-D093,"DOW-UAP-D093, Analysis of Flying Object Incidents in the United States, 1948",pursue-04,Department of War,document,2026-07-10,1948-12-10,12/10/48,day,Virginia,Virginia,false,not_flagged,false,,,,,false,131,records/dow-uap-d093.md,"This is one file in the U.S. Department of War PURSUE catalog, Release 04 (July 10, 2026). The agency on the row is Department of War. The catalog calls the file type PDF. The incident date cell says ""12/10/48"". The incident location cell says ""Virginia"". The catalog does not flag this row as redacted. That flag is only a yes or no. It does not say how much was removed, and this archive did not open the file to look.
The government's own description of the file is quoted in the next section. If that description and the date or place cells disagree, both are printed here and neither has been ""fixed."""
dow-uap-d094,DOW-UAP-D094,"DOW-UAP-D094, Analysis of Flying Object Incidents in the United States, 1949",pursue-04,Department of War,document,2026-07-10,1949-04-28,4/28/49,day,Virginia,Virginia,false,not_flagged,false,,,,,false,132,records/dow-uap-d094.md,"This is one file in the U.S. Department of War PURSUE catalog, Release 04 (July 10, 2026). The agency on the row is Department of War. The catalog calls the file type PDF. The incident date cell says ""4/28/49"". The incident location cell says ""Virginia"". The catalog does not flag this row as redacted. That flag is only a yes or no. It does not say how much was removed, and this archive did not open the file to look.
The government's own description of the file is quoted in the next section. If that description and the date or place cells disagree, both are printed here and neither has been ""fixed."""
dow-uap-d095,DOW-UAP-D095,"DOW-UAP-D095, Joint U.S.-Canadian Aviation Projects and UFO Sighting Reports, 1954-1955",pursue-04,Department of War,document,2026-07-10,1955,1955,year,Various,Various,false,not_flagged,false,,,,,false,133,records/dow-uap-d095.md,"This is one file in the U.S. Department of War PURSUE catalog, Release 04 (July 10, 2026). The agency on the row is Department of War. The catalog calls the file type PDF. The incident date cell says ""1955"". The incident location cell says ""Various"". The catalog does not flag this row as redacted. That flag is only a yes or no. It does not say how much was removed, and this archive did not open the file to look.
The government's own description of the file is quoted in the next section. If that description and the date or place cells disagree, both are printed here and neither has been ""fixed."""
dow-uap-d096,DOW-UAP-D096,"DOW-UAP-D096, Correspondence Relating to Project Blue Book, 1955",pursue-04,Department of War,document,2026-07-10,1955,1955,year,Various,Various,false,not_flagged,false,,,,,false,134,records/dow-uap-d096.md,"This is one file in the U.S. Department of War PURSUE catalog, Release 04 (July 10, 2026). The agency on the row is Department of War. The catalog calls the file type PDF. The incident date cell says ""1955"". The incident location cell says ""Various"". The catalog does not flag this row as redacted. That flag is only a yes or no. It does not say how much was removed, and this archive did not open the file to look.
The government's own description of the file is quoted in the next section. If that description and the date or place cells disagree, both are printed here and neither has been ""fixed."""
dow-uap-d097,DOW-UAP-D097,"DOW-UAP-D097, Project Sign Progress Report, 1948",pursue-04,Department of War,document,2026-07-10,1948,1948,year,Various,Various,false,not_flagged,false,,,,,false,135,records/dow-uap-d097.md,"This is one file in the U.S. Department of War PURSUE catalog, Release 04 (July 10, 2026). The agency on the row is Department of War. The catalog calls the file type PDF. The incident date cell says ""1948"". The incident location cell says ""Various"". The catalog does not flag this row as redacted. That flag is only a yes or no. It does not say how much was removed, and this archive did not open the file to look.
The government's own description of the file is quoted in the next section. If that description and the date or place cells disagree, both are printed here and neither has been ""fixed."""
dow-uap-d098,DOW-UAP-D098,"DOW-UAP-D098, Film Analysis of Unidentified Objects, 1953",pursue-05,Department of War,document,2026-08-07,,"1950, 1952",unknown,"Montana, Utah","Montana, Utah",false,not_flagged,false,,,,tremonton-1952,false,136,records/dow-uap-d098.md,"This is one file in the U.S. Department of War PURSUE catalog, Release 05 (August 7, 2026). The agency on the row is Department of War. The catalog calls the file type PDF. The incident date cell says ""1950, 1952"". The incident location cell says ""Montana, Utah"". The catalog does not flag this row as redacted. That flag is only a yes or no. It does not say how much was removed, and this archive did not open the file to look.
The government's own description of the file is quoted in the next section. If that description and the date or place cells disagree, both are printed here and neither has been ""fixed."""
dow-uap-d099,DOW-UAP-D099,"DOW-UAP-D099, Intelligence Review of “Ghost Rocket” Incidents, 1947",pursue-05,Department of War,document,2026-08-07,1947-01-09,1/9/47,day,Sweden,Sweden,false,not_flagged,false,,,,,false,137,records/dow-uap-d099.md,"This is one file in the U.S. Department of War PURSUE catalog, Release 05 (August 7, 2026). The agency on the row is Department of War. The catalog calls the file type PDF. The incident date cell says ""1/9/47"". The incident location cell says ""Sweden"". The catalog does not flag this row as redacted. That flag is only a yes or no. It does not say how much was removed, and this archive did not open the file to look.
The government's own description of the file is quoted in the next section. If that description and the date or place cells disagree, both are printed here and neither has been ""fixed."""
dow-uap-d100,DOW-UAP-D100,"DOW-UAP-D100, Air Materiel Command Report on Unidentified Flying Objects, 1947-1948",pursue-05,Department of War,document,2026-08-07,1947-1948,1947-1948,range,,N/A,false,not_flagged,false,,,,,false,138,records/dow-uap-d100.md,"This is one file in the U.S. Department of War PURSUE catalog, Release 05 (August 7, 2026). The agency on the row is Department of War. The catalog calls the file type PDF. The incident date cell says ""1947-1948"". The incident location cell says ""N/A"". The catalog does not flag this row as redacted. That flag is only a yes or no. It does not say how much was removed, and this archive did not open the file to look.
The government's own description of the file is quoted in the next section. If that description and the date or place cells disagree, both are printed here and neither has been ""fixed."""
dow-uap-d101,DOW-UAP-D101,"DOW-UAP-D101, Intelligence Information Report, Unresolved UAP Report, Gulf of Oman, 2021",pursue-05,Department of War,document,2026-08-07,2021-09-08,9/8/21,day,,,true,flagged,false,,,,gulf-of-oman-orbs-2021,false,139,records/dow-uap-d101.md,"This is one file in the U.S. Department of War PURSUE catalog, Release 05 (August 7, 2026). The agency on the row is Department of War. The catalog calls the file type PDF. The incident date cell says ""9/8/21"". The incident location cell says ""not given"". The catalog flags this row as redacted. That flag is only a yes or no. It does not say how much was removed, and this archive did not open the file to look.
The government's own description of the file is quoted in the next section. If that description and the date or place cells disagree, both are printed here and neither has been ""fixed."""
dow-uap-d102,DOW-UAP-D102,"DOW-UAP-D102, Project Blue Book File on Tremonton Film, Utah, 1952",pursue-06,Department of War,document,2026-09-18,1952-07-02,7/2/52,day,"Tremonton, Utah","Tremonton, Utah",false,not_flagged,true,,,,tremonton-1952,false,1,records/dow-uap-d102.md,"This is one file in the U.S. Department of War PURSUE catalog, Release 06 (September 18, 2026). The agency on the row is Department of War. The catalog calls the file type PDF. The incident date cell says ""7/2/52"". The incident location cell says ""Tremonton, Utah"". The catalog does not flag this row as redacted. That flag is only a yes or no. It does not say how much was removed, and this archive did not open the file to look.
The government's own description of the file is quoted in the next section. If that description and the date or place cells disagree, both are printed here and neither has been ""fixed."""
dow-uap-d103,DOW-UAP-D103,"DOW-UAP-D103, Project Blue Book Photo File Relating to Tremonton Film, Utah, 1952",pursue-06,Department of War,document,2026-09-18,1952-07-02,7/2/52,day,"Tremonton, Utah","Tremonton, Utah",false,not_flagged,false,,,,tremonton-1952,false,140,records/dow-uap-d103.md,"This is one file in the U.S. Department of War PURSUE catalog, Release 06 (September 18, 2026). The agency on the row is Department of War. The catalog calls the file type PDF. The incident date cell says ""7/2/52"". The incident location cell says ""Tremonton, Utah"". The catalog does not flag this row as redacted. That flag is only a yes or no. It does not say how much was removed, and this archive did not open the file to look.
The government's own description of the file is quoted in the next section. If that description and the date or place cells disagree, both are printed here and neither has been ""fixed."""
dow-uap-d104,DOW-UAP-D104,"DOW-UAP-D104, Final Personnel Record for Newhouse, Delbert C., U.S. Navy, 1957",pursue-06,Department of War,document,2026-09-18,1957-05-02,5/2/57,day,,N/A,false,not_flagged,false,,,,tremonton-1952,false,141,records/dow-uap-d104.md,"This is one file in the U.S. Department of War PURSUE catalog, Release 06 (September 18, 2026). The agency on the row is Department of War. The catalog calls the file type PDF. The incident date cell says ""5/2/57"". The incident location cell says ""N/A"". The catalog does not flag this row as redacted. That flag is only a yes or no. It does not say how much was removed, and this archive did not open the file to look.
The government's own description of the file is quoted in the next section. If that description and the date or place cells disagree, both are printed here and neither has been ""fixed."""
dow-uap-d105,DOW-UAP-D105,"DOW-UAP-D105, U.S. Air Force Flying Discs File, 1952",pursue-06,Department of War,document,2026-09-18,,September - December 1952,unknown,Various,Various,false,not_flagged,false,,,,tremonton-1952,false,142,records/dow-uap-d105.md,"This is one file in the U.S. Department of War PURSUE catalog, Release 06 (September 18, 2026). The agency on the row is Department of War. The catalog calls the file type PDF. The incident date cell says ""September - December 1952"". The incident location cell says ""Various"". The catalog does not flag this row as redacted. That flag is only a yes or no. It does not say how much was removed, and this archive did not open the file to look.
The government's own description of the file is quoted in the next section. If that description and the date or place cells disagree, both are printed here and neither has been ""fixed."""
dow-uap-d106,DOW-UAP-D106,"DOW-UAP-D106, Mission Report, Iraq, 2022",pursue-06,Department of War,document,2026-09-18,2022,2022,year,Iraq,Iraq,true,flagged,false,,,,,false,143,records/dow-uap-d106.md,"This is one file in the U.S. Department of War PURSUE catalog, Release 06 (September 18, 2026). The agency on the row is Department of War. The catalog calls the file type PDF. The incident date cell says ""2022"". The incident location cell says ""Iraq"". The catalog flags this row as redacted. That flag is only a yes or no. It does not say how much was removed, and this archive did not open the file to look.
The government's own description of the file is quoted in the next section. If that description and the date or place cells disagree, both are printed here and neither has been ""fixed."""
dow-uap-d107,DOW-UAP-D107,"DOW-UAP-D107, Mission Report, Middle East, 2025",pursue-06,Department of War,document,2026-09-18,2025,2025,year,Middle East,Middle East,true,flagged,false,,,,,false,144,records/dow-uap-d107.md,"This is one file in the U.S. Department of War PURSUE catalog, Release 06 (September 18, 2026). The agency on the row is Department of War. The catalog calls the file type PDF. The incident date cell says ""2025"". The incident location cell says ""Middle East"". The catalog flags this row as redacted. That flag is only a yes or no. It does not say how much was removed, and this archive did not open the file to look.
The government's own description of the file is quoted in the next section. If that description and the date or place cells disagree, both are printed here and neither has been ""fixed."""
dow-uap-d108,DOW-UAP-D108,"DOW-UAP-D108, Mission Report, Middle East, 2025",pursue-06,Department of War,document,2026-09-18,2025,2025,year,Middle East,Middle East,true,flagged,false,,,,,false,145,records/dow-uap-d108.md,"This is one file in the U.S. Department of War PURSUE catalog, Release 06 (September 18, 2026). The agency on the row is Department of War. The catalog calls the file type PDF. The incident date cell says ""2025"". The incident location cell says ""Middle East"". The catalog flags this row as redacted. That flag is only a yes or no. It does not say how much was removed, and this archive did not open the file to look.
The government's own description of the file is quoted in the next section. If that description and the date or place cells disagree, both are printed here and neither has been ""fixed."""
dow-uap-d109,DOW-UAP-D109,"DOW-UAP-D109, Mission Report, Middle East, 2022",pursue-06,Department of War,document,2026-09-18,2022,2022,year,Iraq,Iraq,true,flagged,false,,,,,false,146,records/dow-uap-d109.md,"This is one file in the U.S. Department of War PURSUE catalog, Release 06 (September 18, 2026). The agency on the row is Department of War. The catalog calls the file type PDF. The incident date cell says ""2022"". The incident location cell says ""Iraq"". The catalog flags this row as redacted. That flag is only a yes or no. It does not say how much was removed, and this archive did not open the file to look.
The government's own description of the file is quoted in the next section. If that description and the date or place cells disagree, both are printed here and neither has been ""fixed."""
dow-uap-d110,DOW-UAP-D110,"DOW-UAP-D110, AAWSAP Statement of Objectives, July 2008",pursue-06,Department of War,document,2026-09-18,2008-07-18,7/18/08,day,"Washington, D.C.","Washington, D.C.",true,flagged,true,,,,aawsap,false,2,records/dow-uap-d110.md,"This is one file in the U.S. Department of War PURSUE catalog, Release 06 (September 18, 2026). The agency on the row is Department of War. The catalog calls the file type PDF. The incident date cell says ""7/18/08"". The incident location cell says ""Washington, D.C."". The catalog flags this row as redacted. That flag is only a yes or no. It does not say how much was removed, and this archive did not open the file to look.
The government's own description of the file is quoted in the next section. If that description and the date or place cells disagree, both are printed here and neither has been ""fixed."""
dow-uap-d111,DOW-UAP-D111,"DOW-UAP-D111, AAWSAP Solicitation and Original Order, September 2008",pursue-06,Department of War,document,2026-09-18,2008-09-22,9/22/08,day,"Washington, D.C.","Washington, D.C.",true,flagged,true,,,,aawsap,false,3,records/dow-uap-d111.md,"This is one file in the U.S. Department of War PURSUE catalog, Release 06 (September 18, 2026). The agency on the row is Department of War. The catalog calls the file type PDF. The incident date cell says ""9/22/08"". The incident location cell says ""Washington, D.C."". The catalog flags this row as redacted. That flag is only a yes or no. It does not say how much was removed, and this archive did not open the file to look.
The government's own description of the file is quoted in the next section. If that description and the date or place cells disagree, both are printed here and neither has been ""fixed."""
dow-uap-d112,DOW-UAP-D112,"DOW-UAP-D112, AAWSAP Contract Modification P00001, September 2009",pursue-06,Department of War,document,2026-09-18,2009-09-02,9/2/09,day,"Washington, D.C.","Washington, D.C.",true,flagged,false,,,,aawsap,false,147,records/dow-uap-d112.md,"This is one file in the U.S. Department of War PURSUE catalog, Release 06 (September 18, 2026). The agency on the row is Department of War. The catalog calls the file type PDF. The incident date cell says ""9/2/09"". The incident location cell says ""Washington, D.C."". The catalog flags this row as redacted. That flag is only a yes or no. It does not say how much was removed, and this archive did not open the file to look.
The government's own description of the file is quoted in the next section. If that description and the date or place cells disagree, both are printed here and neither has been ""fixed."""
dow-uap-d113,DOW-UAP-D113,"DOW-UAP-D113, AAWSAP Contract Modification P00002, February 2010",pursue-06,Department of War,document,2026-09-18,2010-02-02,2/2/10,day,"Washington, D.C.","Washington, D.C.",true,flagged,false,,,,aawsap,false,148,records/dow-uap-d113.md,"This is one file in the U.S. Department of War PURSUE catalog, Release 06 (September 18, 2026). The agency on the row is Department of War. The catalog calls the file type PDF. The incident date cell says ""2/2/10"". The incident location cell says ""Washington, D.C."". The catalog flags this row as redacted. That flag is only a yes or no. It does not say how much was removed, and this archive did not open the file to look.
The government's own description of the file is quoted in the next section. If that description and the date or place cells disagree, both are printed here and neither has been ""fixed."""
dow-uap-d114,DOW-UAP-D114,"DOW-UAP-D114, AAWSAP Contract Modification P00003, May 2010",pursue-06,Department of War,document,2026-09-18,2010-05-18,5/18/10,day,"Washington, D.C.","Washington, D.C.",true,flagged,false,,,,aawsap,false,149,records/dow-uap-d114.md,"This is one file in the U.S. Department of War PURSUE catalog, Release 06 (September 18, 2026). The agency on the row is Department of War. The catalog calls the file type PDF. The incident date cell says ""5/18/10"". The incident location cell says ""Washington, D.C."". The catalog flags this row as redacted. That flag is only a yes or no. It does not say how much was removed, and this archive did not open the file to look.
The government's own description of the file is quoted in the next section. If that description and the date or place cells disagree, both are printed here and neither has been ""fixed."""
dow-uap-d115,DOW-UAP-D115,"DOW-UAP-D115, AAWSAP Contract Modification P00004, May 2010",pursue-06,Department of War,document,2026-09-18,2010-05-18,5/18/10,day,"Washington, D.C.","Washington, D.C.",true,flagged,false,,,,aawsap,false,150,records/dow-uap-d115.md,"This is one file in the U.S. Department of War PURSUE catalog, Release 06 (September 18, 2026). The agency on the row is Department of War. The catalog calls the file type PDF. The incident date cell says ""5/18/10"". The incident location cell says ""Washington, D.C."". The catalog flags this row as redacted. That flag is only a yes or no. It does not say how much was removed, and this archive did not open the file to look.
The government's own description of the file is quoted in the next section. If that description and the date or place cells disagree, both are printed here and neither has been ""fixed."""
dow-uap-d116,DOW-UAP-D116,"DOW-UAP-D116, AAWSAP Contract Modification P00005, September 2010",pursue-06,Department of War,document,2026-09-18,2010-09-28,9/28/10,day,"Washington, D.C.","Washington, D.C.",true,flagged,false,,,,aawsap,false,151,records/dow-uap-d116.md,"This is one file in the U.S. Department of War PURSUE catalog, Release 06 (September 18, 2026). The agency on the row is Department of War. The catalog calls the file type PDF. The incident date cell says ""9/28/10"". The incident location cell says ""Washington, D.C."". The catalog flags this row as redacted. That flag is only a yes or no. It does not say how much was removed, and this archive did not open the file to look.
The government's own description of the file is quoted in the next section. If that description and the date or place cells disagree, both are printed here and neither has been ""fixed."""
dow-uap-d117,DOW-UAP-D117,"DOW-UAP-D117, AAWSAP DIRD, Metallic Glasses for Aerospace Applications, December 2009",pursue-06,Department of War,document,2026-09-18,2009-12-14,12/14/09,day,"Las Vegas, Nevada","Las Vegas, Nevada",true,flagged,true,,,,aawsap,false,4,records/dow-uap-d117.md,"This is one file in the U.S. Department of War PURSUE catalog, Release 06 (September 18, 2026). The agency on the row is Department of War. The catalog calls the file type PDF. The incident date cell says ""12/14/09"". The incident location cell says ""Las Vegas, Nevada"". The catalog flags this row as redacted. That flag is only a yes or no. It does not say how much was removed, and this archive did not open the file to look.
The government's own description of the file is quoted in the next section. If that description and the date or place cells disagree, both are printed here and neither has been ""fixed."""
dow-uap-d118,DOW-UAP-D118,"DOW-UAP-D118, AAWSAP DIRD, Aerospace Applications of Programmable Matter, December 2009",pursue-06,Department of War,document,2026-09-18,2009-12-14,12/14/09,day,"Las Vegas, Nevada","Las Vegas, Nevada",true,flagged,false,,,,aawsap,false,152,records/dow-uap-d118.md,"This is one file in the U.S. Department of War PURSUE catalog, Release 06 (September 18, 2026). The agency on the row is Department of War. The catalog calls the file type PDF. The incident date cell says ""12/14/09"". The incident location cell says ""Las Vegas, Nevada"". The catalog flags this row as redacted. That flag is only a yes or no. It does not say how much was removed, and this archive did not open the file to look.
The government's own description of the file is quoted in the next section. If that description and the date or place cells disagree, both are printed here and neither has been ""fixed."""
dow-uap-d119,DOW-UAP-D119,"DOW-UAP-D119, AAWSAP DIRD, Biomaterials, January 2010",pursue-06,Department of War,document,2026-09-18,2010-01-07,1/7/10,day,"Las Vegas, Nevada","Las Vegas, Nevada",true,flagged,false,,,,aawsap,false,153,records/dow-uap-d119.md,"This is one file in the U.S. Department of War PURSUE catalog, Release 06 (September 18, 2026). The agency on the row is Department of War. The catalog calls the file type PDF. The incident date cell says ""1/7/10"". The incident location cell says ""Las Vegas, Nevada"". The catalog flags this row as redacted. That flag is only a yes or no. It does not say how much was removed, and this archive did not open the file to look.
The government's own description of the file is quoted in the next section. If that description and the date or place cells disagree, both are printed here and neither has been ""fixed."""
dow-uap-d120,DOW-UAP-D120,"DOW-UAP-D120, AAWSAP DIRD, Materials for Advanced Aerospace Platforms, January 2010",pursue-06,Department of War,document,2026-09-18,2010-01-12,1/12/10,day,"Las Vegas, Nevada","Las Vegas, Nevada",true,flagged,false,,,,aawsap,false,154,records/dow-uap-d120.md,"This is one file in the U.S. Department of War PURSUE catalog, Release 06 (September 18, 2026). The agency on the row is Department of War. The catalog calls the file type PDF. The incident date cell says ""1/12/10"". The incident location cell says ""Las Vegas, Nevada"". The catalog flags this row as redacted. That flag is only a yes or no. It does not say how much was removed, and this archive did not open the file to look.
The government's own description of the file is quoted in the next section. If that description and the date or place cells disagree, both are printed here and neither has been ""fixed."""
dow-uap-d121,DOW-UAP-D121,"DOW-UAP-D121, AAWSAP DIRD, Pulsed High-Power Microwave Source Technology, January 2010",pursue-06,Department of War,document,2026-09-18,2010-01-28,1/28/10,day,"Las Vegas, Nevada","Las Vegas, Nevada",true,flagged,false,,,,aawsap,false,155,records/dow-uap-d121.md,"This is one file in the U.S. Department of War PURSUE catalog, Release 06 (September 18, 2026). The agency on the row is Department of War. The catalog calls the file type PDF. The incident date cell says ""1/28/10"". The incident location cell says ""Las Vegas, Nevada"". The catalog flags this row as redacted. That flag is only a yes or no. It does not say how much was removed, and this archive did not open the file to look.
The government's own description of the file is quoted in the next section. If that description and the date or place cells disagree, both are printed here and neither has been ""fixed."""
dow-uap-d122,DOW-UAP-D122,"DOW-UAP-D122, AAWSAP DIRD, Invisibility Cloaking Theory and Experiments, March 2010",pursue-06,Department of War,document,2026-09-18,2010-03-02,3/2/10,day,"Las Vegas, Nevada","Las Vegas, Nevada",true,flagged,false,,,,aawsap,false,156,records/dow-uap-d122.md,"This is one file in the U.S. Department of War PURSUE catalog, Release 06 (September 18, 2026). The agency on the row is Department of War. The catalog calls the file type PDF. The incident date cell says ""3/2/10"". The incident location cell says ""Las Vegas, Nevada"". The catalog flags this row as redacted. That flag is only a yes or no. It does not say how much was removed, and this archive did not open the file to look.
The government's own description of the file is quoted in the next section. If that description and the date or place cells disagree, both are printed here and neither has been ""fixed."""
dow-uap-d123,DOW-UAP-D123,"DOW-UAP-D123, AAWSAP DIRD, Positron Aerospace Propulsion, March 2010",pursue-06,Department of War,document,2026-09-18,2010-03-02,3/2/10,day,"Las Vegas, Nevada","Las Vegas, Nevada",true,flagged,false,,,,aawsap,false,157,records/dow-uap-d123.md,"This is one file in the U.S. Department of War PURSUE catalog, Release 06 (September 18, 2026). The agency on the row is Department of War. The catalog calls the file type PDF. The incident date cell says ""3/2/10"". The incident location cell says ""Las Vegas, Nevada"". The catalog flags this row as redacted. That flag is only a yes or no. It does not say how much was removed, and this archive did not open the file to look.
The government's own description of the file is quoted in the next section. If that description and the date or place cells disagree, both are printed here and neither has been ""fixed."""
dow-uap-d124,DOW-UAP-D124,"DOW-UAP-D124, AAWSAP DIRD, Space Access: Where We’ve Been and Where We Could Go, March 2010",pursue-06,Department of War,document,2026-09-18,2010-03-08,3/8/10,day,"Las Vegas, Nevada","Las Vegas, Nevada",true,flagged,false,,,,aawsap,false,158,records/dow-uap-d124.md,"This is one file in the U.S. Department of War PURSUE catalog, Release 06 (September 18, 2026). The agency on the row is Department of War. The catalog calls the file type PDF. The incident date cell says ""3/8/10"". The incident location cell says ""Las Vegas, Nevada"". The catalog flags this row as redacted. That flag is only a yes or no. It does not say how much was removed, and this archive did not open the file to look.
The government's own description of the file is quoted in the next section. If that description and the date or place cells disagree, both are printed here and neither has been ""fixed."""
dow-uap-d125,DOW-UAP-D125,"DOW-UAP-D125, AAWSAP DIRD, Inertial Electrostatic Confinement Fusion, March 2010",pursue-06,Department of War,document,2026-09-18,2010-03-10,3/10/10,day,"Las Vegas, Nevada","Las Vegas, Nevada",true,flagged,false,,,,aawsap,false,159,records/dow-uap-d125.md,"This is one file in the U.S. Department of War PURSUE catalog, Release 06 (September 18, 2026). The agency on the row is Department of War. The catalog calls the file type PDF. The incident date cell says ""3/10/10"". The incident location cell says ""Las Vegas, Nevada"". The catalog flags this row as redacted. That flag is only a yes or no. It does not say how much was removed, and this archive did not open the file to look.
The government's own description of the file is quoted in the next section. If that description and the date or place cells disagree, both are printed here and neither has been ""fixed."""
dow-uap-d126,DOW-UAP-D126,"DOW-UAP-D126, AAWSAP DIRD, Advanced Nuclear Propulsion for Manned Deep Space Missions, March 2010",pursue-06,Department of War,document,2026-09-18,2010-03-11,3/11/10,day,"Las Vegas, Nevada","Las Vegas, Nevada",true,flagged,false,,,,aawsap,false,160,records/dow-uap-d126.md,"This is one file in the U.S. Department of War PURSUE catalog, Release 06 (September 18, 2026). The agency on the row is Department of War. The catalog calls the file type PDF. The incident date cell says ""3/11/10"". The incident location cell says ""Las Vegas, Nevada"". The catalog flags this row as redacted. That flag is only a yes or no. It does not say how much was removed, and this archive did not open the file to look.
The government's own description of the file is quoted in the next section. If that description and the date or place cells disagree, both are printed here and neither has been ""fixed."""
dow-uap-d127,DOW-UAP-D127,"DOW-UAP-D127, AAWSAP DIRD, An Introduction to the Statistical Drake Equation, March 2010",pursue-06,Department of War,document,2026-09-18,2010-03-11,3/11/10,day,"Las Vegas, Nevada","Las Vegas, Nevada",true,flagged,false,,,,aawsap,false,161,records/dow-uap-d127.md,"This is one file in the U.S. Department of War PURSUE catalog, Release 06 (September 18, 2026). The agency on the row is Department of War. The catalog calls the file type PDF. The incident date cell says ""3/11/10"". The incident location cell says ""Las Vegas, Nevada"". The catalog flags this row as redacted. That flag is only a yes or no. It does not say how much was removed, and this archive did not open the file to look.
The government's own description of the file is quoted in the next section. If that description and the date or place cells disagree, both are printed here and neither has been ""fixed."""
dow-uap-d128,DOW-UAP-D128,"DOW-UAP-D128, AAWSAP DIRD, Anomalous Acute and Subacute Field Effects on Human Biological Tissues, March 2010",pursue-06,Department of War,document,2026-09-18,2010-03-11,3/11/10,day,"Las Vegas, Nevada","Las Vegas, Nevada",true,flagged,false,,,,aawsap,false,162,records/dow-uap-d128.md,"This is one file in the U.S. Department of War PURSUE catalog, Release 06 (September 18, 2026). The agency on the row is Department of War. The catalog calls the file type PDF. The incident date cell says ""3/11/10"". The incident location cell says ""Las Vegas, Nevada"". The catalog flags this row as redacted. That flag is only a yes or no. It does not say how much was removed, and this archive did not open the file to look.
The government's own description of the file is quoted in the next section. If that description and the date or place cells disagree, both are printed here and neither has been ""fixed."""
dow-uap-d129,DOW-UAP-D129,"DOW-UAP-D129, AAWSAP DIRD, Metallic Spintronics, March 2010",pursue-06,Department of War,document,2026-09-18,2010-03-23,3/23/10,day,"Las Vegas, Nevada","Las Vegas, Nevada",true,flagged,true,,,,aawsap,false,5,records/dow-uap-d129.md,"This is one file in the U.S. Department of War PURSUE catalog, Release 06 (September 18, 2026). The agency on the row is Department of War. The catalog calls the file type PDF. The incident date cell says ""3/23/10"". The incident location cell says ""Las Vegas, Nevada"". The catalog flags this row as redacted. That flag is only a yes or no. It does not say how much was removed, and this archive did not open the file to look.
The government's own description of the file is quoted in the next section. If that description and the date or place cells disagree, both are printed here and neither has been ""fixed."""
dow-uap-d130,DOW-UAP-D130,"DOW-UAP-D130, AAWSAP DIRD, Technological Approaches to Controlling External Devices, March 2010",pursue-06,Department of War,document,2026-09-18,2010-03-23,3/23/10,day,"Las Vegas, Nevada","Las Vegas, Nevada",true,flagged,false,,,,aawsap,false,163,records/dow-uap-d130.md,"This is one file in the U.S. Department of War PURSUE catalog, Release 06 (September 18, 2026). The agency on the row is Department of War. The catalog calls the file type PDF. The incident date cell says ""3/23/10"". The incident location cell says ""Las Vegas, Nevada"". The catalog flags this row as redacted. That flag is only a yes or no. It does not say how much was removed, and this archive did not open the file to look.
The government's own description of the file is quoted in the next section. If that description and the date or place cells disagree, both are printed here and neither has been ""fixed."""
dow-uap-d131,DOW-UAP-D131,"DOW-UAP-D131, AAWSAP DIRD, The Role of Superconductors in Gravity Research, March 2010",pursue-06,Department of War,document,2026-09-18,2010-03-23,3/23/10,day,"Las Vegas, Nevada","Las Vegas, Nevada",true,flagged,false,,,,aawsap,false,164,records/dow-uap-d131.md,"This is one file in the U.S. Department of War PURSUE catalog, Release 06 (September 18, 2026). The agency on the row is Department of War. The catalog calls the file type PDF. The incident date cell says ""3/23/10"". The incident location cell says ""Las Vegas, Nevada"". The catalog flags this row as redacted. That flag is only a yes or no. It does not say how much was removed, and this archive did not open the file to look.
The government's own description of the file is quoted in the next section. If that description and the date or place cells disagree, both are printed here and neither has been ""fixed."""
dow-uap-d132,DOW-UAP-D132,"DOW-UAP-D132, AAWSAP DIRD, Advanced Space Propulsion Based on Vacuum (Spacetime Metric) Engineering, March 2010",pursue-06,Department of War,document,2026-09-18,2010-03-29,3/29/10,day,"Las Vegas, Nevada","Las Vegas, Nevada",true,flagged,false,,,,aawsap,false,165,records/dow-uap-d132.md,"This is one file in the U.S. Department of War PURSUE catalog, Release 06 (September 18, 2026). The agency on the row is Department of War. The catalog calls the file type PDF. The incident date cell says ""3/29/10"". The incident location cell says ""Las Vegas, Nevada"". The catalog flags this row as redacted. That flag is only a yes or no. It does not say how much was removed, and this archive did not open the file to look.
The government's own description of the file is quoted in the next section. If that description and the date or place cells disagree, both are printed here and neither has been ""fixed."""
dow-uap-d133,DOW-UAP-D133,"DOW-UAP-D133, AAWSAP DIRD, The Space Communication Implications of Quantum Entanglement and Nonlocality, March 2010",pursue-06,Department of War,document,2026-09-18,2010-03-30,3/30/10,day,"Las Vegas, Nevada","Las Vegas, Nevada",true,flagged,false,,,,aawsap,false,166,records/dow-uap-d133.md,"This is one file in the U.S. Department of War PURSUE catalog, Release 06 (September 18, 2026). The agency on the row is Department of War. The catalog calls the file type PDF. The incident date cell says ""3/30/10"". The incident location cell says ""Las Vegas, Nevada"". The catalog flags this row as redacted. That flag is only a yes or no. It does not say how much was removed, and this archive did not open the file to look.
The government's own description of the file is quoted in the next section. If that description and the date or place cells disagree, both are printed here and neither has been ""fixed."""
dow-uap-d134,DOW-UAP-D134,"DOW-UAP-D134, AAWSAP DIRD, Maverick Inventor Versus Corporate Inventor: Where Will the Next Major Innovations Arise, March 2010",pursue-06,Department of War,document,2026-09-18,2010-03-30,3/30/10,day,"Las Vegas, Nevada","Las Vegas, Nevada",true,flagged,false,,,,aawsap,false,167,records/dow-uap-d134.md,"This is one file in the U.S. Department of War PURSUE catalog, Release 06 (September 18, 2026). The agency on the row is Department of War. The catalog calls the file type PDF. The incident date cell says ""3/30/10"". The incident location cell says ""Las Vegas, Nevada"". The catalog flags this row as redacted. That flag is only a yes or no. It does not say how much was removed, and this archive did not open the file to look.
The government's own description of the file is quoted in the next section. If that description and the date or place cells disagree, both are printed here and neither has been ""fixed."""
dow-uap-d135,DOW-UAP-D135,"DOW-UAP-D135, AAWSAP DIRD, Antigravity for Aerospace Applications, March 2010",pursue-06,Department of War,document,2026-09-18,2010-03-30,3/30/10,day,"Las Vegas, Nevada","Las Vegas, Nevada",true,flagged,false,,,,aawsap,false,168,records/dow-uap-d135.md,"This is one file in the U.S. Department of War PURSUE catalog, Release 06 (September 18, 2026). The agency on the row is Department of War. The catalog calls the file type PDF. The incident date cell says ""3/30/10"". The incident location cell says ""Las Vegas, Nevada"". The catalog flags this row as redacted. That flag is only a yes or no. It does not say how much was removed, and this archive did not open the file to look.
The government's own description of the file is quoted in the next section. If that description and the date or place cells disagree, both are printed here and neither has been ""fixed."""
dow-uap-d136,DOW-UAP-D136,"DOW-UAP-D136, AAWSAP DIRD, Biosensors and BioMEMS: A Survey of the Present Field, March 2010",pursue-06,Department of War,document,2026-09-18,2010-03-31,3/31/10,day,"Las Vegas, Nevada","Las Vegas, Nevada",true,flagged,false,,,,aawsap,false,169,records/dow-uap-d136.md,"This is one file in the U.S. Department of War PURSUE catalog, Release 06 (September 18, 2026). The agency on the row is Department of War. The catalog calls the file type PDF. The incident date cell says ""3/31/10"". The incident location cell says ""Las Vegas, Nevada"". The catalog flags this row as redacted. That flag is only a yes or no. It does not say how much was removed, and this archive did not open the file to look.
The government's own description of the file is quoted in the next section. If that description and the date or place cells disagree, both are printed here and neither has been ""fixed."""
dow-uap-d137,DOW-UAP-D137,"DOW-UAP-D137, AAWSAP DIRD, State of the Art and Evolution of High-Energy Lasers, March 2010",pursue-06,Department of War,document,2026-09-18,2010-03-31,3/31/10,day,"Las Vegas, Nevada","Las Vegas, Nevada",true,flagged,false,,,,aawsap,false,170,records/dow-uap-d137.md,"This is one file in the U.S. Department of War PURSUE catalog, Release 06 (September 18, 2026). The agency on the row is Department of War. The catalog calls the file type PDF. The incident date cell says ""3/31/10"". The incident location cell says ""Las Vegas, Nevada"". The catalog flags this row as redacted. That flag is only a yes or no. It does not say how much was removed, and this archive did not open the file to look.
The government's own description of the file is quoted in the next section. If that description and the date or place cells disagree, both are printed here and neither has been ""fixed."""
dow-uap-d138,DOW-UAP-D138,"DOW-UAP-D138, AAWSAP DIRD, Warp Drive, Dark Energy, and the Manipulation of Extra Dimensions, April 2010",pursue-06,Department of War,document,2026-09-18,2010-04-02,4/2/10,day,"Las Vegas, Nevada","Las Vegas, Nevada",true,flagged,false,,,,aawsap,false,171,records/dow-uap-d138.md,"This is one file in the U.S. Department of War PURSUE catalog, Release 06 (September 18, 2026). The agency on the row is Department of War. The catalog calls the file type PDF. The incident date cell says ""4/2/10"". The incident location cell says ""Las Vegas, Nevada"". The catalog flags this row as redacted. That flag is only a yes or no. It does not say how much was removed, and this archive did not open the file to look.
The government's own description of the file is quoted in the next section. If that description and the date or place cells disagree, both are printed here and neither has been ""fixed."""
dow-uap-d139,DOW-UAP-D139,"DOW-UAP-D139, AAWSAP DIRD, Traversable Wormholes, Stargates, and Negative Energy, April 2010",pursue-06,Department of War,document,2026-09-18,2010-04-06,4/6/10,day,"Las Vegas, Nevada","Las Vegas, Nevada",true,flagged,false,,,,aawsap,false,172,records/dow-uap-d139.md,"This is one file in the U.S. Department of War PURSUE catalog, Release 06 (September 18, 2026). The agency on the row is Department of War. The catalog calls the file type PDF. The incident date cell says ""4/6/10"". The incident location cell says ""Las Vegas, Nevada"". The catalog flags this row as redacted. That flag is only a yes or no. It does not say how much was removed, and this archive did not open the file to look.
The government's own description of the file is quoted in the next section. If that description and the date or place cells disagree, both are printed here and neither has been ""fixed."""
dow-uap-d140,DOW-UAP-D140,"DOW-UAP-D140, AAWSAP DIRD, High-Frequency Gravitational Wave Communications, April 2010",pursue-06,Department of War,document,2026-09-18,2010-04-06,4/6/10,day,"Las Vegas, Nevada","Las Vegas, Nevada",true,flagged,false,,,,aawsap,false,173,records/dow-uap-d140.md,"This is one file in the U.S. Department of War PURSUE catalog, Release 06 (September 18, 2026). The agency on the row is Department of War. The catalog calls the file type PDF. The incident date cell says ""4/6/10"". The incident location cell says ""Las Vegas, Nevada"". The catalog flags this row as redacted. That flag is only a yes or no. It does not say how much was removed, and this archive did not open the file to look.
The government's own description of the file is quoted in the next section. If that description and the date or place cells disagree, both are printed here and neither has been ""fixed."""
dow-uap-d141,DOW-UAP-D141,"DOW-UAP-D141, AAWSAP DIRD, Metamaterials for Aerospace Applications, April 2010",pursue-06,Department of War,document,2026-09-18,2010-04-06,4/6/10,day,"Las Vegas, Nevada","Las Vegas, Nevada",true,flagged,false,,,,aawsap,false,174,records/dow-uap-d141.md,"This is one file in the U.S. Department of War PURSUE catalog, Release 06 (September 18, 2026). The agency on the row is Department of War. The catalog calls the file type PDF. The incident date cell says ""4/6/10"". The incident location cell says ""Las Vegas, Nevada"". The catalog flags this row as redacted. That flag is only a yes or no. It does not say how much was removed, and this archive did not open the file to look.
The government's own description of the file is quoted in the next section. If that description and the date or place cells disagree, both are printed here and neither has been ""fixed."""
dow-uap-d142,DOW-UAP-D142,"DOW-UAP-D142, AAWSAP DIRD, Concepts for Extracting Energy from the Quantum Vacuum, April 2010",pursue-06,Department of War,document,2026-09-18,2010-04-06,4/6/10,day,"Las Vegas, Nevada","Las Vegas, Nevada",true,flagged,false,,,,aawsap,false,175,records/dow-uap-d142.md,"This is one file in the U.S. Department of War PURSUE catalog, Release 06 (September 18, 2026). The agency on the row is Department of War. The catalog calls the file type PDF. The incident date cell says ""4/6/10"". The incident location cell says ""Las Vegas, Nevada"". The catalog flags this row as redacted. That flag is only a yes or no. It does not say how much was removed, and this archive did not open the file to look.
The government's own description of the file is quoted in the next section. If that description and the date or place cells disagree, both are printed here and neither has been ""fixed."""
dow-uap-d143,DOW-UAP-D143,"DOW-UAP-D143, AAWSAP DIRD, Laser Lightcraft Nanosatellites, November 2010",pursue-06,Department of War,document,2026-09-18,2010-11-01,11/1/10,day,"Las Vegas, Nevada","Las Vegas, Nevada",true,flagged,false,,,,aawsap,false,176,records/dow-uap-d143.md,"This is one file in the U.S. Department of War PURSUE catalog, Release 06 (September 18, 2026). The agency on the row is Department of War. The catalog calls the file type PDF. The incident date cell says ""11/1/10"". The incident location cell says ""Las Vegas, Nevada"". The catalog flags this row as redacted. That flag is only a yes or no. It does not say how much was removed, and this archive did not open the file to look.
The government's own description of the file is quoted in the next section. If that description and the date or place cells disagree, both are printed here and neither has been ""fixed."""
dow-uap-d144,DOW-UAP-D144,"DOW-UAP-D144, AAWSAP DIRD, Cockpits in the Era of Breakthrough Flight, November 2010",pursue-06,Department of War,document,2026-09-18,2010-11-01,11/1/10,day,"Las Vegas, Nevada","Las Vegas, Nevada",true,flagged,false,,,,aawsap,false,177,records/dow-uap-d144.md,"This is one file in the U.S. Department of War PURSUE catalog, Release 06 (September 18, 2026). The agency on the row is Department of War. The catalog calls the file type PDF. The incident date cell says ""11/1/10"". The incident location cell says ""Las Vegas, Nevada"". The catalog flags this row as redacted. That flag is only a yes or no. It does not say how much was removed, and this archive did not open the file to look.
The government's own description of the file is quoted in the next section. If that description and the date or place cells disagree, both are printed here and neither has been ""fixed."""
dow-uap-d145,DOW-UAP-D145,"DOW-UAP-D145, AAWSAP DIRD, Aneutronic Fusion Propulsion I, November 2010",pursue-06,Department of War,document,2026-09-18,2010-11-01,11/1/10,day,"Las Vegas, Nevada","Las Vegas, Nevada",true,flagged,false,,,,aawsap,false,178,records/dow-uap-d145.md,"This is one file in the U.S. Department of War PURSUE catalog, Release 06 (September 18, 2026). The agency on the row is Department of War. The catalog calls the file type PDF. The incident date cell says ""11/1/10"". The incident location cell says ""Las Vegas, Nevada"". The catalog flags this row as redacted. That flag is only a yes or no. It does not say how much was removed, and this archive did not open the file to look.
The government's own description of the file is quoted in the next section. If that description and the date or place cells disagree, both are printed here and neither has been ""fixed."""
dow-uap-d146,DOW-UAP-D146,"DOW-UAP-D146, AAWSAP DIRD, Aneutronic Fusion Propulsion II, November 2010",pursue-06,Department of War,document,2026-09-18,2010-11-01,11/1/10,day,"Las Vegas, Nevada","Las Vegas, Nevada",true,flagged,false,,,,aawsap,false,179,records/dow-uap-d146.md,"This is one file in the U.S. Department of War PURSUE catalog, Release 06 (September 18, 2026). The agency on the row is Department of War. The catalog calls the file type PDF. The incident date cell says ""11/1/10"". The incident location cell says ""Las Vegas, Nevada"". The catalog flags this row as redacted. That flag is only a yes or no. It does not say how much was removed, and this archive did not open the file to look.
The government's own description of the file is quoted in the next section. If that description and the date or place cells disagree, both are printed here and neither has been ""fixed."""
dow-uap-d147,DOW-UAP-D147,"DOW-UAP-D147, AAWSAP DIRD, Ultracapacitors as Energy and Power Storage Devices, November 2010",pursue-06,Department of War,document,2026-09-18,2010-11-01,11/1/10,day,"Las Vegas, Nevada","Las Vegas, Nevada",true,flagged,false,,,,aawsap,false,180,records/dow-uap-d147.md,"This is one file in the U.S. Department of War PURSUE catalog, Release 06 (September 18, 2026). The agency on the row is Department of War. The catalog calls the file type PDF. The incident date cell says ""11/1/10"". The incident location cell says ""Las Vegas, Nevada"". The catalog flags this row as redacted. That flag is only a yes or no. It does not say how much was removed, and this archive did not open the file to look.
The government's own description of the file is quoted in the next section. If that description and the date or place cells disagree, both are printed here and neither has been ""fixed."""
dow-uap-d148,DOW-UAP-D148,"DOW-UAP-D148, AAWSAP DIRD, Detection and High-Resolution Tracking of Vehicles at Hypersonic Velocities, November 2010",pursue-06,Department of War,document,2026-09-18,2010-11-20,11/20/10,day,"Las Vegas, Nevada","Las Vegas, Nevada",true,flagged,false,,,,aawsap,false,181,records/dow-uap-d148.md,"This is one file in the U.S. Department of War PURSUE catalog, Release 06 (September 18, 2026). The agency on the row is Department of War. The catalog calls the file type PDF. The incident date cell says ""11/20/10"". The incident location cell says ""Las Vegas, Nevada"". The catalog flags this row as redacted. That flag is only a yes or no. It does not say how much was removed, and this archive did not open the file to look.
The government's own description of the file is quoted in the next section. If that description and the date or place cells disagree, both are printed here and neither has been ""fixed."""
dow-uap-d149,DOW-UAP-D149,"DOW-UAP-D149, AAWSAP DIRD, MHD Air Breathing Propulsion and Power for Aerospace Applications, November 2010",pursue-06,Department of War,document,2026-09-18,2010-11-21,11/21/10,day,"Las Vegas, Nevada","Las Vegas, Nevada",true,flagged,false,,,,aawsap,false,182,records/dow-uap-d149.md,"This is one file in the U.S. Department of War PURSUE catalog, Release 06 (September 18, 2026). The agency on the row is Department of War. The catalog calls the file type PDF. The incident date cell says ""11/21/10"". The incident location cell says ""Las Vegas, Nevada"". The catalog flags this row as redacted. That flag is only a yes or no. It does not say how much was removed, and this archive did not open the file to look.
The government's own description of the file is quoted in the next section. If that description and the date or place cells disagree, both are printed here and neither has been ""fixed."""
dow-uap-d150,DOW-UAP-D150,"DOW-UAP-D150, AAWSAP DIRD, Quantum Computing and Utilizing Organic Molecules in Automation Technology, December 2010",pursue-06,Department of War,document,2026-09-18,2010-12-10,12/10/10,day,"Las Vegas, Nevada","Las Vegas, Nevada",true,flagged,false,,,,aawsap,false,183,records/dow-uap-d150.md,"This is one file in the U.S. Department of War PURSUE catalog, Release 06 (September 18, 2026). The agency on the row is Department of War. The catalog calls the file type PDF. The incident date cell says ""12/10/10"". The incident location cell says ""Las Vegas, Nevada"". The catalog flags this row as redacted. That flag is only a yes or no. It does not say how much was removed, and this archive did not open the file to look.
The government's own description of the file is quoted in the next section. If that description and the date or place cells disagree, both are printed here and neither has been ""fixed."""
dow-uap-d151,DOW-UAP-D151,"DOW-UAP-D151, AAWSAP DIRD, Cognitive Limits on Simultaneous Control of Multiple Unmanned Spacecraft, December 2010",pursue-06,Department of War,document,2026-09-18,2010-12-15,12/15/10,day,"Las Vegas, Nevada","Las Vegas, Nevada",true,flagged,false,,,,aawsap,false,184,records/dow-uap-d151.md,"This is one file in the U.S. Department of War PURSUE catalog, Release 06 (September 18, 2026). The agency on the row is Department of War. The catalog calls the file type PDF. The incident date cell says ""12/15/10"". The incident location cell says ""Las Vegas, Nevada"". The catalog flags this row as redacted. That flag is only a yes or no. It does not say how much was removed, and this archive did not open the file to look.
The government's own description of the file is quoted in the next section. If that description and the date or place cells disagree, both are printed here and neither has been ""fixed."""
dow-uap-d152,DOW-UAP-D152,"DOW-UAP-D152, AAWSAP DIRD, Negative Mass Propulsion, January 2011",pursue-06,Department of War,document,2026-09-18,2011-01-03,1/3/11,day,"Las Vegas, Nevada","Las Vegas, Nevada",true,flagged,false,,,,aawsap,false,185,records/dow-uap-d152.md,"This is one file in the U.S. Department of War PURSUE catalog, Release 06 (September 18, 2026). The agency on the row is Department of War. The catalog calls the file type PDF. The incident date cell says ""1/3/11"". The incident location cell says ""Las Vegas, Nevada"". The catalog flags this row as redacted. That flag is only a yes or no. It does not say how much was removed, and this archive did not open the file to look.
The government's own description of the file is quoted in the next section. If that description and the date or place cells disagree, both are printed here and neither has been ""fixed."""
dow-uap-d153,DOW-UAP-D153,"DOW-UAP-D153, AAWSAP DIRD, Quantum Tomography of Negative Energy States in the Vacuum, January 2011",pursue-06,Department of War,document,2026-09-18,2011-01-11,1/11/11,day,"Las Vegas, Nevada","Las Vegas, Nevada",true,flagged,false,,,,aawsap,false,186,records/dow-uap-d153.md,"This is one file in the U.S. Department of War PURSUE catalog, Release 06 (September 18, 2026). The agency on the row is Department of War. The catalog calls the file type PDF. The incident date cell says ""1/11/11"". The incident location cell says ""Las Vegas, Nevada"". The catalog flags this row as redacted. That flag is only a yes or no. It does not say how much was removed, and this archive did not open the file to look.
The government's own description of the file is quoted in the next section. If that description and the date or place cells disagree, both are printed here and neither has been ""fixed."""
dow-uap-d154,DOW-UAP-D154,"DOW-UAP-D154, Transcript of a Presentation by Captain Edward J. Ruppelt, 1952",pursue-06,Department of War,document,2026-09-18,1952-03-26,3/26/52,day,"Boston, Massachusetts","Boston, Massachusetts",false,not_flagged,true,,,,,false,6,records/dow-uap-d154.md,"This is one file in the U.S. Department of War PURSUE catalog, Release 06 (September 18, 2026). The agency on the row is Department of War. The catalog calls the file type PDF. The incident date cell says ""3/26/52"". The incident location cell says ""Boston, Massachusetts"". The catalog does not flag this row as redacted. That flag is only a yes or no. It does not say how much was removed, and this archive did not open the file to look.
The government's own description of the file is quoted in the next section. If that description and the date or place cells disagree, both are printed here and neither has been ""fixed."""
dow-uap-pr019,DOW-UAP-PR019,"DOW-UAP-PR019, Unresolved UAP Report, Middle East, May 2022",pursue-01,Department of War,video,2026-05-08,,N/A,unknown,Middle East,Middle East,true,flagged,false,1006056,6814452,https://d34w7g4gy10iej.cloudfront.net/video/2605/DOD_111688723/DOD_111688723.mp4,,false,187,records/dow-uap-pr019.md,"This is one file in the U.S. Department of War PURSUE catalog, Release 01 (May 8, 2026). The agency on the row is Department of War. The catalog calls the file type VID. The incident date cell says ""N/A"". The incident location cell says ""Middle East"". The catalog flags this row as redacted. That flag is only a yes or no. It does not say how much was removed, and this archive did not open the file to look.
The government's own description of the file is quoted in the next section. If that description and the date or place cells disagree, both are printed here and neither has been ""fixed."""
dow-uap-pr020,DOW-UAP-PR020,"DOW-UAP-PR020, Unresolved UAP Report, Kuwait, May 2022",pursue-01,Department of War,document,2026-05-08,,N/A,unknown,Iraq,Iraq,true,flagged,false,,,,,false,188,records/dow-uap-pr020.md,"This is one file in the U.S. Department of War PURSUE catalog, Release 01 (May 8, 2026). The agency on the row is Department of War. The catalog calls the file type PDF. The incident date cell says ""N/A"". The incident location cell says ""Iraq"". The catalog flags this row as redacted. That flag is only a yes or no. It does not say how much was removed, and this archive did not open the file to look.
The government's own description of the file is quoted in the next section. If that description and the date or place cells disagree, both are printed here and neither has been ""fixed."""
dow-uap-pr021,DOW-UAP-PR021,"DOW-UAP-PR021, Unresolved UAP Report, Iraq, May 2022",pursue-01,Department of War,video,2026-05-08,,N/A,unknown,Iraq,Iraq,true,flagged,false,1006059,12752210,https://d34w7g4gy10iej.cloudfront.net/video/2605/DOD_111688762/DOD_111688762.mp4,,false,189,records/dow-uap-pr021.md,"This is one file in the U.S. Department of War PURSUE catalog, Release 01 (May 8, 2026). The agency on the row is Department of War. The catalog calls the file type VID. The incident date cell says ""N/A"". The incident location cell says ""Iraq"". The catalog flags this row as redacted. That flag is only a yes or no. It does not say how much was removed, and this archive did not open the file to look.
The government's own description of the file is quoted in the next section. If that description and the date or place cells disagree, both are printed here and neither has been ""fixed."""
dow-uap-pr022,DOW-UAP-PR022,"DOW-UAP-PR022, Unresolved UAP Report, Syria, July 2022",pursue-01,Department of War,video,2026-05-08,,N/A,unknown,Syria,Syria,true,flagged,false,1006060,3982264,https://d34w7g4gy10iej.cloudfront.net/video/2605/DOD_111688775/DOD_111688775.mp4,,false,190,records/dow-uap-pr022.md,"This is one file in the U.S. Department of War PURSUE catalog, Release 01 (May 8, 2026). The agency on the row is Department of War. The catalog calls the file type VID. The incident date cell says ""N/A"". The incident location cell says ""Syria"". The catalog flags this row as redacted. That flag is only a yes or no. It does not say how much was removed, and this archive did not open the file to look.
The government's own description of the file is quoted in the next section. If that description and the date or place cells disagree, both are printed here and neither has been ""fixed."""
dow-uap-pr023,DOW-UAP-PR023,"DOW-UAP-PR023, Unresolved UAP Report, Iraq, December 2022",pursue-01,Department of War,video,2026-05-08,,N/A,unknown,Iraq,Iraq,true,flagged,false,1006062,5300653,https://d34w7g4gy10iej.cloudfront.net/video/2605/DOD_111688809/DOD_111688809.mp4,,false,191,records/dow-uap-pr023.md,"This is one file in the U.S. Department of War PURSUE catalog, Release 01 (May 8, 2026). The agency on the row is Department of War. The catalog calls the file type VID. The incident date cell says ""N/A"". The incident location cell says ""Iraq"". The catalog flags this row as redacted. That flag is only a yes or no. It does not say how much was removed, and this archive did not open the file to look.
The government's own description of the file is quoted in the next section. If that description and the date or place cells disagree, both are printed here and neither has been ""fixed."""
dow-uap-pr024,DOW-UAP-PR024,"DOW-UAP-PR024, Unresolved UAP Report, Middle East, 2023",pursue-04,Department of War,video,2026-07-10,2023,2023,year,Middle East,Middle East,false,not_flagged,false,1014100,4525982,https://d34w7g4gy10iej.cloudfront.net/video/2607/DOD_111830020/DOD_111830020.mp4,,false,192,records/dow-uap-pr024.md,"This is one file in the U.S. Department of War PURSUE catalog, Release 04 (July 10, 2026). The agency on the row is Department of War. The catalog calls the file type VID. The incident date cell says ""2023"". The incident location cell says ""Middle East"". The catalog does not flag this row as redacted. That flag is only a yes or no. It does not say how much was removed, and this archive did not open the file to look.
The government's own description of the file is quoted in the next section. If that description and the date or place cells disagree, both are printed here and neither has been ""fixed."""
dow-uap-pr026,DOW-UAP-PR026,"DOW-UAP-PR026, Unresolved UAP Report, United Arab Emirates, October 2023",pursue-01,Department of War,video,2026-05-08,,N/A,unknown,United Arab Emirates,United Arab Emirates,true,flagged,false,1006063,27493716,https://d34w7g4gy10iej.cloudfront.net/video/2605/DOD_111688816/DOD_111688816.mp4,,false,193,records/dow-uap-pr026.md,"This is one file in the U.S. Department of War PURSUE catalog, Release 01 (May 8, 2026). The agency on the row is Department of War. The catalog calls the file type VID. The incident date cell says ""N/A"". The incident location cell says ""United Arab Emirates"". The catalog flags this row as redacted. That flag is only a yes or no. It does not say how much was removed, and this archive did not open the file to look.
The government's own description of the file is quoted in the next section. If that description and the date or place cells disagree, both are printed here and neither has been ""fixed."""
dow-uap-pr027,DOW-UAP-PR027,"DOW-UAP-PR027, Unresolved UAP Report, United Arab Emirates, October 2023",pursue-01,Department of War,video,2026-05-08,,N/A,unknown,United Arab Emirates,United Arab Emirates,true,flagged,false,1006067,155885289,https://d34w7g4gy10iej.cloudfront.net/video/2605/DOD_111688825/DOD_111688825.mp4,,false,194,records/dow-uap-pr027.md,"This is one file in the U.S. Department of War PURSUE catalog, Release 01 (May 8, 2026). The agency on the row is Department of War. The catalog calls the file type VID. The incident date cell says ""N/A"". The incident location cell says ""United Arab Emirates"". The catalog flags this row as redacted. That flag is only a yes or no. It does not say how much was removed, and this archive did not open the file to look.
The government's own description of the file is quoted in the next section. If that description and the date or place cells disagree, both are printed here and neither has been ""fixed."""
dow-uap-pr028,DOW-UAP-PR028,"DOW-UAP-PR028, Unresolved UAP Report, Greece, January 2024",pursue-01,Department of War,video,2026-05-08,,N/A,unknown,Greece,Greece,true,flagged,false,1006073,15992674,https://d34w7g4gy10iej.cloudfront.net/video/2605/DOD_111688954/DOD_111688954.mp4,,false,195,records/dow-uap-pr028.md,"This is one file in the U.S. Department of War PURSUE catalog, Release 01 (May 8, 2026). The agency on the row is Department of War. The catalog calls the file type VID. The incident date cell says ""N/A"". The incident location cell says ""Greece"". The catalog flags this row as redacted. That flag is only a yes or no. It does not say how much was removed, and this archive did not open the file to look.
The government's own description of the file is quoted in the next section. If that description and the date or place cells disagree, both are printed here and neither has been ""fixed."""
dow-uap-pr029,DOW-UAP-PR029,"DOW-UAP-PR029, Unresolved UAP Report, United Arab Emirates, June 2024",pursue-01,Department of War,video,2026-05-08,,N/A,unknown,Gulf of Oman,Gulf of Oman,true,flagged,false,1006074,15445575,https://d34w7g4gy10iej.cloudfront.net/video/2605/DOD_111688964/DOD_111688964.mp4,,false,196,records/dow-uap-pr029.md,"This is one file in the U.S. Department of War PURSUE catalog, Release 01 (May 8, 2026). The agency on the row is Department of War. The catalog calls the file type VID. The incident date cell says ""N/A"". The incident location cell says ""Gulf of Oman"". The catalog flags this row as redacted. That flag is only a yes or no. It does not say how much was removed, and this archive did not open the file to look.
The government's own description of the file is quoted in the next section. If that description and the date or place cells disagree, both are printed here and neither has been ""fixed."""
dow-uap-pr030,DOW-UAP-PR030,"DOW-UAP-PR030, Unresolved UAP Report, Middle East, 2023",pursue-04,Department of War,video,2026-07-10,2023,2023,year,Middle East,Middle East,true,flagged,false,1014102,12522331,https://d34w7g4gy10iej.cloudfront.net/video/2607/DOD_111830028/DOD_111830028.mp4,,false,197,records/dow-uap-pr030.md,"This is one file in the U.S. Department of War PURSUE catalog, Release 04 (July 10, 2026). The agency on the row is Department of War. The catalog calls the file type VID. The incident date cell says ""2023"". The incident location cell says ""Middle East"". The catalog flags this row as redacted. That flag is only a yes or no. It does not say how much was removed, and this archive did not open the file to look.
The government's own description of the file is quoted in the next section. If that description and the date or place cells disagree, both are printed here and neither has been ""fixed."""
dow-uap-pr031,DOW-UAP-PR031,"DOW-UAP-PR031, Unresolved UAP Report, Syria, October 2024",pursue-01,Department of War,video,2026-05-08,,N/A,unknown,Syria,Syria,true,flagged,false,1006076,644525,https://d34w7g4gy10iej.cloudfront.net/video/2605/DOD_111688970/DOD_111688970.mp4,,false,198,records/dow-uap-pr031.md,"This is one file in the U.S. Department of War PURSUE catalog, Release 01 (May 8, 2026). The agency on the row is Department of War. The catalog calls the file type VID. The incident date cell says ""N/A"". The incident location cell says ""Syria"". The catalog flags this row as redacted. That flag is only a yes or no. It does not say how much was removed, and this archive did not open the file to look.
The government's own description of the file is quoted in the next section. If that description and the date or place cells disagree, both are printed here and neither has been ""fixed."""
dow-uap-pr032,DOW-UAP-PR032,"DOW-UAP-PR032, Unresolved UAP Report, Syria, October 2024",pursue-01,Department of War,video,2026-05-08,,N/A,unknown,Syria,Syria,true,flagged,false,1006078,1834659,https://d34w7g4gy10iej.cloudfront.net/video/2605/DOD_111688997/DOD_111688997.mp4,,false,199,records/dow-uap-pr032.md,"This is one file in the U.S. Department of War PURSUE catalog, Release 01 (May 8, 2026). The agency on the row is Department of War. The catalog calls the file type VID. The incident date cell says ""N/A"". The incident location cell says ""Syria"". The catalog flags this row as redacted. That flag is only a yes or no. It does not say how much was removed, and this archive did not open the file to look.
The government's own description of the file is quoted in the next section. If that description and the date or place cells disagree, both are printed here and neither has been ""fixed."""
dow-uap-pr033,DOW-UAP-PR033,"DOW-UAP-PR033, Unresolved UAP Report, Syria, October 2024",pursue-01,Department of War,video,2026-05-08,,N/A,unknown,Syria,Syria,true,flagged,false,1006079,426911,https://d34w7g4gy10iej.cloudfront.net/video/2605/DOD_111689005/DOD_111689005.mp4,,false,200,records/dow-uap-pr033.md,"This is one file in the U.S. Department of War PURSUE catalog, Release 01 (May 8, 2026). The agency on the row is Department of War. The catalog calls the file type VID. The incident date cell says ""N/A"". The incident location cell says ""Syria"". The catalog flags this row as redacted. That flag is only a yes or no. It does not say how much was removed, and this archive did not open the file to look.
The government's own description of the file is quoted in the next section. If that description and the date or place cells disagree, both are printed here and neither has been ""fixed."""
dow-uap-pr034,DOW-UAP-PR034,"DOW-UAP-PR034, Unresolved UAP Report, Greece, October 2023",pursue-01,Department of War,video,2026-05-08,,N/A,unknown,Greece,Greece,true,flagged,false,1006080,198248609,https://d34w7g4gy10iej.cloudfront.net/video/2605/DOD_111689011/DOD_111689011.mp4,,false,201,records/dow-uap-pr034.md,"This is one file in the U.S. Department of War PURSUE catalog, Release 01 (May 8, 2026). The agency on the row is Department of War. The catalog calls the file type VID. The incident date cell says ""N/A"". The incident location cell says ""Greece"". The catalog flags this row as redacted. That flag is only a yes or no. It does not say how much was removed, and this archive did not open the file to look.
The government's own description of the file is quoted in the next section. If that description and the date or place cells disagree, both are printed here and neither has been ""fixed."""
dow-uap-pr035,DOW-UAP-PR035,"DOW-UAP-PR035, Unresolved UAP Report, Greece, October 2023",pursue-01,Department of War,video,2026-05-08,,N/A,unknown,Greece,Greece,true,flagged,false,1006082,2406930,https://d34w7g4gy10iej.cloudfront.net/video/2605/DOD_111689022/DOD_111689022.mp4,,false,202,records/dow-uap-pr035.md,"This is one file in the U.S. Department of War PURSUE catalog, Release 01 (May 8, 2026). The agency on the row is Department of War. The catalog calls the file type VID. The incident date cell says ""N/A"". The incident location cell says ""Greece"". The catalog flags this row as redacted. That flag is only a yes or no. It does not say how much was removed, and this archive did not open the file to look.
The government's own description of the file is quoted in the next section. If that description and the date or place cells disagree, both are printed here and neither has been ""fixed."""
dow-uap-pr036,DOW-UAP-PR036,"DOW-UAP-PR036, Unresolved UAP Report, Middle East, May 2020",pursue-01,Department of War,video,2026-05-08,,N/A,unknown,Middle East,Middle East,true,flagged,false,1006083,142686223,https://d34w7g4gy10iej.cloudfront.net/video/2605/DOD_111689030/DOD_111689030.mp4,,false,203,records/dow-uap-pr036.md,"This is one file in the U.S. Department of War PURSUE catalog, Release 01 (May 8, 2026). The agency on the row is Department of War. The catalog calls the file type VID. The incident date cell says ""N/A"". The incident location cell says ""Middle East"". The catalog flags this row as redacted. That flag is only a yes or no. It does not say how much was removed, and this archive did not open the file to look.
The government's own description of the file is quoted in the next section. If that description and the date or place cells disagree, both are printed here and neither has been ""fixed."""
dow-uap-pr037,DOW-UAP-PR037,"DOW-UAP-PR037, Unresolved UAP Report, Middle East, 2020",pursue-01,Department of War,video,2026-05-08,,N/A,unknown,Arabian Gulf,Arabian Gulf,true,flagged,false,1006087,8543893,https://d34w7g4gy10iej.cloudfront.net/video/2605/DOD_111689044/DOD_111689044.mp4,,false,204,records/dow-uap-pr037.md,"This is one file in the U.S. Department of War PURSUE catalog, Release 01 (May 8, 2026). The agency on the row is Department of War. The catalog calls the file type VID. The incident date cell says ""N/A"". The incident location cell says ""Arabian Gulf"". The catalog flags this row as redacted. That flag is only a yes or no. It does not say how much was removed, and this archive did not open the file to look.
The government's own description of the file is quoted in the next section. If that description and the date or place cells disagree, both are printed here and neither has been ""fixed."""
dow-uap-pr038,DOW-UAP-PR038,"DOW-UAP-PR038, Unresolved UAP Report, Middle East, 2013",pursue-01,Department of War,video,2026-05-08,,N/A,unknown,Middle East,Middle East,true,flagged,false,1006088,30707537,https://d34w7g4gy10iej.cloudfront.net/video/2605/DOD_111689051/DOD_111689051.mp4,,false,205,records/dow-uap-pr038.md,"This is one file in the U.S. Department of War PURSUE catalog, Release 01 (May 8, 2026). The agency on the row is Department of War. The catalog calls the file type VID. The incident date cell says ""N/A"". The incident location cell says ""Middle East"". The catalog flags this row as redacted. That flag is only a yes or no. It does not say how much was removed, and this archive did not open the file to look.
The government's own description of the file is quoted in the next section. If that description and the date or place cells disagree, both are printed here and neither has been ""fixed."""
dow-uap-pr039,DOW-UAP-PR039,"DOW-UAP-PR039, Unresolved UAP Report, Middle East, 2020",pursue-01,Department of War,video,2026-05-08,,N/A,unknown,Arabian Gulf,Arabian Gulf,true,flagged,false,1006089,1708179,https://d34w7g4gy10iej.cloudfront.net/video/2605/DOD_111689057/DOD_111689057.mp4,,false,206,records/dow-uap-pr039.md,"This is one file in the U.S. Department of War PURSUE catalog, Release 01 (May 8, 2026). The agency on the row is Department of War. The catalog calls the file type VID. The incident date cell says ""N/A"". The incident location cell says ""Arabian Gulf"". The catalog flags this row as redacted. That flag is only a yes or no. It does not say how much was removed, and this archive did not open the file to look.
The government's own description of the file is quoted in the next section. If that description and the date or place cells disagree, both are printed here and neither has been ""fixed."""
dow-uap-pr040,DOW-UAP-PR040,"DOW-UAP-PR040, Unresolved UAP Report, Middle East, 2020",pursue-01,Department of War,video,2026-05-08,,N/A,unknown,Arabian Gulf,Arabian Gulf,true,flagged,false,1006093,29392078,https://d34w7g4gy10iej.cloudfront.net/video/2605/DOD_111689082/DOD_111689082.mp4,,false,207,records/dow-uap-pr040.md,"This is one file in the U.S. Department of War PURSUE catalog, Release 01 (May 8, 2026). The agency on the row is Department of War. The catalog calls the file type VID. The incident date cell says ""N/A"". The incident location cell says ""Arabian Gulf"". The catalog flags this row as redacted. That flag is only a yes or no. It does not say how much was removed, and this archive did not open the file to look.
The government's own description of the file is quoted in the next section. If that description and the date or place cells disagree, both are printed here and neither has been ""fixed."""
dow-uap-pr041,DOW-UAP-PR041,"DOW-UAP-PR041, Unresolved UAP Report, Middle East, 2020",pursue-01,Department of War,video,2026-05-08,,N/A,unknown,Arabian Gulf,Arabian Gulf,true,flagged,false,1006094,116787147,https://d34w7g4gy10iej.cloudfront.net/video/2605/DOD_111689083/DOD_111689083.mp4,,false,208,records/dow-uap-pr041.md,"This is one file in the U.S. Department of War PURSUE catalog, Release 01 (May 8, 2026). The agency on the row is Department of War. The catalog calls the file type VID. The incident date cell says ""N/A"". The incident location cell says ""Arabian Gulf"". The catalog flags this row as redacted. That flag is only a yes or no. It does not say how much was removed, and this archive did not open the file to look.
The government's own description of the file is quoted in the next section. If that description and the date or place cells disagree, both are printed here and neither has been ""fixed."""
dow-uap-pr042,DOW-UAP-PR042,"DOW-UAP-PR042, Unresolved UAP Report, Middle East, 2020",pursue-01,Department of War,video,2026-05-08,,N/A,unknown,Arabian Gulf,Arabian Gulf,true,flagged,false,1006097,274712045,https://d34w7g4gy10iej.cloudfront.net/video/2605/DOD_111689090/DOD_111689090.mp4,,false,209,records/dow-uap-pr042.md,"This is one file in the U.S. Department of War PURSUE catalog, Release 01 (May 8, 2026). The agency on the row is Department of War. The catalog calls the file type VID. The incident date cell says ""N/A"". The incident location cell says ""Arabian Gulf"". The catalog flags this row as redacted. That flag is only a yes or no. It does not say how much was removed, and this archive did not open the file to look.
The government's own description of the file is quoted in the next section. If that description and the date or place cells disagree, both are printed here and neither has been ""fixed."""
dow-uap-pr043,DOW-UAP-PR043,"DOW-UAP-PR043, Unresolved UAP Report, Africa, 2025",pursue-01,Department of War,video,2026-05-08,,N/A,unknown,Djibouti,Djibouti,true,flagged,false,1006159,9089058,https://d34w7g4gy10iej.cloudfront.net/video/2605/DOD_111689759/DOD_111689759.mp4,,false,210,records/dow-uap-pr043.md,"This is one file in the U.S. Department of War PURSUE catalog, Release 01 (May 8, 2026). The agency on the row is Department of War. The catalog calls the file type VID. The incident date cell says ""N/A"". The incident location cell says ""Djibouti"". The catalog flags this row as redacted. That flag is only a yes or no. It does not say how much was removed, and this archive did not open the file to look.
The government's own description of the file is quoted in the next section. If that description and the date or place cells disagree, both are printed here and neither has been ""fixed."""
dow-uap-pr044,DOW-UAP-PR044,"DOW-UAP-PR044, Unresolved UAP Report, Middle East, 2020",pursue-01,Department of War,video,2026-05-08,,N/A,unknown,Arabian Gulf,Arabian Gulf,true,flagged,false,1006104,86775527,https://d34w7g4gy10iej.cloudfront.net/video/2605/DOD_111689115/DOD_111689115.mp4,,false,211,records/dow-uap-pr044.md,"This is one file in the U.S. Department of War PURSUE catalog, Release 01 (May 8, 2026). The agency on the row is Department of War. The catalog calls the file type VID. The incident date cell says ""N/A"". The incident location cell says ""Arabian Gulf"". The catalog flags this row as redacted. That flag is only a yes or no. It does not say how much was removed, and this archive did not open the file to look.
The government's own description of the file is quoted in the next section. If that description and the date or place cells disagree, both are printed here and neither has been ""fixed."""
dow-uap-pr045,DOW-UAP-PR045,"DOW-UAP-PR045, Unresolved UAP Report, Middle East, 2020",pursue-01,Department of War,video,2026-05-08,,N/A,unknown,Southern United States,Southern United States,true,flagged,false,1006105,14908599,https://d34w7g4gy10iej.cloudfront.net/video/2605/DOD_111689123/DOD_111689123.mp4,,false,212,records/dow-uap-pr045.md,"This is one file in the U.S. Department of War PURSUE catalog, Release 01 (May 8, 2026). The agency on the row is Department of War. The catalog calls the file type VID. The incident date cell says ""N/A"". The incident location cell says ""Southern United States"". The catalog flags this row as redacted. That flag is only a yes or no. It does not say how much was removed, and this archive did not open the file to look.
The government's own description of the file is quoted in the next section. If that description and the date or place cells disagree, both are printed here and neither has been ""fixed."""
dow-uap-pr046,DOW-UAP-PR046,"DOW-UAP-PR046, Unresolved UAP Report, INDOPACOM, 2024",pursue-01,Department of War,video,2026-05-08,,N/A,unknown,East China Sea,East China Sea,true,flagged,false,1006106,3005135,https://d34w7g4gy10iej.cloudfront.net/video/2605/DOD_111689133/DOD_111689133.mp4,,false,213,records/dow-uap-pr046.md,"This is one file in the U.S. Department of War PURSUE catalog, Release 01 (May 8, 2026). The agency on the row is Department of War. The catalog calls the file type VID. The incident date cell says ""N/A"". The incident location cell says ""East China Sea"". The catalog flags this row as redacted. That flag is only a yes or no. It does not say how much was removed, and this archive did not open the file to look.
The government's own description of the file is quoted in the next section. If that description and the date or place cells disagree, both are printed here and neither has been ""fixed."""
dow-uap-pr047,DOW-UAP-PR047,"DOW-UAP-PR047, Unresolved UAP Report, INDOPACOM, 2023",pursue-01,Department of War,video,2026-05-08,,N/A,unknown,Japan,Japan,true,flagged,false,1006107,15963093,https://d34w7g4gy10iej.cloudfront.net/video/2605/DOD_111689142/DOD_111689142.mp4,,false,214,records/dow-uap-pr047.md,"This is one file in the U.S. Department of War PURSUE catalog, Release 01 (May 8, 2026). The agency on the row is Department of War. The catalog calls the file type VID. The incident date cell says ""N/A"". The incident location cell says ""Japan"". The catalog flags this row as redacted. That flag is only a yes or no. It does not say how much was removed, and this archive did not open the file to look.
The government's own description of the file is quoted in the next section. If that description and the date or place cells disagree, both are printed here and neither has been ""fixed."""
dow-uap-pr048,DOW-UAP-PR048,"DOW-UAP-PR048, Unresolved UAP Report, INDOPACOM, 2024",pursue-01,Department of War,video,2026-05-08,,N/A,unknown,Indo-PACOM,Indo-PACOM,true,flagged,false,1006110,116761162,https://d34w7g4gy10iej.cloudfront.net/video/2605/DOD_111689167/DOD_111689167.mp4,,false,215,records/dow-uap-pr048.md,"This is one file in the U.S. Department of War PURSUE catalog, Release 01 (May 8, 2026). The agency on the row is Department of War. The catalog calls the file type VID. The incident date cell says ""N/A"". The incident location cell says ""Indo-PACOM"". The catalog flags this row as redacted. That flag is only a yes or no. It does not say how much was removed, and this archive did not open the file to look.
The government's own description of the file is quoted in the next section. If that description and the date or place cells disagree, both are printed here and neither has been ""fixed."""
dow-uap-pr049,DOW-UAP-PR049,"DOW-UAP-PR049, Unresolved UAP Report, Department of the Army, 2026",pursue-01,Department of War,video,2026-05-08,,N/A,unknown,North America,North America,true,flagged,false,1006111,17266193,https://d34w7g4gy10iej.cloudfront.net/video/2605/DOD_111689168/DOD_111689168.mp4,,false,216,records/dow-uap-pr049.md,"This is one file in the U.S. Department of War PURSUE catalog, Release 01 (May 8, 2026). The agency on the row is Department of War. The catalog calls the file type VID. The incident date cell says ""N/A"". The incident location cell says ""North America"". The catalog flags this row as redacted. That flag is only a yes or no. It does not say how much was removed, and this archive did not open the file to look.
The government's own description of the file is quoted in the next section. If that description and the date or place cells disagree, both are printed here and neither has been ""fixed."""
dow-uap-pr050,DOW-UAP-PR050,"DOW-UAP-PR050, ""4 UAP Formation Iran 26 Aug 2022 over water [CALLSIGN]""",pursue-02,Department of War,video,2026-05-22,2022,2022,year,CENTCOM,CENTCOM,true,flagged,false,1007706,3103288,https://d34w7g4gy10iej.cloudfront.net/video/2605/DOD_111719709/DOD_111719709.mp4,,false,217,records/dow-uap-pr050.md,"This is one file in the U.S. Department of War PURSUE catalog, Release 02 (May 22, 2026). The agency on the row is Department of War. The catalog calls the file type VID. The incident date cell says ""2022"". The incident location cell says ""CENTCOM"". The catalog flags this row as redacted. That flag is only a yes or no. It does not say how much was removed, and this archive did not open the file to look.
The government's own description of the file is quoted in the next section. If that description and the date or place cells disagree, both are printed here and neither has been ""fixed."""
dow-uap-pr051,DOW-UAP-PR051,"DOW-UAP-PR051, ""Syrian UAP instant acceleration""",pursue-02,Department of War,video,2026-05-22,2021,2021,year,CENTCOM,CENTCOM,true,flagged,false,1007707,154585431,https://d34w7g4gy10iej.cloudfront.net/video/2605/DOD_111719715/DOD_111719715.mp4,syria-instant-acceleration,false,218,records/dow-uap-pr051.md,"This is one file in the U.S. Department of War PURSUE catalog, Release 02 (May 22, 2026). The agency on the row is Department of War. The catalog calls the file type VID. The incident date cell says ""2021"". The incident location cell says ""CENTCOM"". The catalog flags this row as redacted. That flag is only a yes or no. It does not say how much was removed, and this archive did not open the file to look.
The government's own description of the file is quoted in the next section. If that description and the date or place cells disagree, both are printed here and neither has been ""fixed."""
dow-uap-pr052,DOW-UAP-PR052,"DOW-UAP-PR052, ""UAP USO Formation [CALLSIGN] (Mission)""",pursue-02,Department of War,video,2026-05-22,,,unknown,,,true,flagged,false,1007708,513739591,https://d34w7g4gy10iej.cloudfront.net/video/2605/DOD_111719718/DOD_111719718.mp4,,false,219,records/dow-uap-pr052.md,"This is one file in the U.S. Department of War PURSUE catalog, Release 02 (May 22, 2026). The agency on the row is Department of War. The catalog calls the file type VID. The incident date cell says ""not given"". The incident location cell says ""not given"". The catalog flags this row as redacted. That flag is only a yes or no. It does not say how much was removed, and this archive did not open the file to look.
The government's own description of the file is quoted in the next section. If that description and the date or place cells disagree, both are printed here and neither has been ""fixed."""
dow-uap-pr053,DOW-UAP-PR053,"DOW-UAP-PR053, ""Cigar Shaped or Fast Spherical UAP clip 15 OCT 22""",pursue-02,Department of War,video,2026-05-22,2022,2022,year,CENTCOM,CENTCOM,true,flagged,false,1007709,2770399,https://d34w7g4gy10iej.cloudfront.net/video/2605/DOD_111719723/DOD_111719723.mp4,,false,220,records/dow-uap-pr053.md,"This is one file in the U.S. Department of War PURSUE catalog, Release 02 (May 22, 2026). The agency on the row is Department of War. The catalog calls the file type VID. The incident date cell says ""2022"". The incident location cell says ""CENTCOM"". The catalog flags this row as redacted. That flag is only a yes or no. It does not say how much was removed, and this archive did not open the file to look.
The government's own description of the file is quoted in the next section. If that description and the date or place cells disagree, both are printed here and neither has been ""fixed."""
dow-uap-pr054,DOW-UAP-PR054,"DOW-UAP-PR054, ""Spherical UAP Erratic movement [CALLSIGN] (Mission) 2022""",pursue-02,Department of War,video,2026-05-22,2022,2022,year,EUCOM,EUCOM,true,flagged,false,1007711,61738864,https://d34w7g4gy10iej.cloudfront.net/video/2605/DOD_111719726/DOD_111719726.mp4,,false,221,records/dow-uap-pr054.md,"This is one file in the U.S. Department of War PURSUE catalog, Release 02 (May 22, 2026). The agency on the row is Department of War. The catalog calls the file type VID. The incident date cell says ""2022"". The incident location cell says ""EUCOM"". The catalog flags this row as redacted. That flag is only a yes or no. It does not say how much was removed, and this archive did not open the file to look.
The government's own description of the file is quoted in the next section. If that description and the date or place cells disagree, both are printed here and neither has been ""fixed."""
dow-uap-pr055,DOW-UAP-PR055,"DOW-UAP-PR055, ""Spherical UAP over AFG in and out of clouds 23 Nov 2020""",pursue-02,Department of War,video,2026-05-22,2020,2020,year,CENTCOM,CENTCOM,true,flagged,false,1007713,17638967,https://d34w7g4gy10iej.cloudfront.net/video/2605/DOD_111719732/DOD_111719732.mp4,,false,222,records/dow-uap-pr055.md,"This is one file in the U.S. Department of War PURSUE catalog, Release 02 (May 22, 2026). The agency on the row is Department of War. The catalog calls the file type VID. The incident date cell says ""2020"". The incident location cell says ""CENTCOM"". The catalog flags this row as redacted. That flag is only a yes or no. It does not say how much was removed, and this archive did not open the file to look.
The government's own description of the file is quoted in the next section. If that description and the date or place cells disagree, both are printed here and neither has been ""fixed."""
dow-uap-pr056,DOW-UAP-PR056,"DOW-UAP-PR056, ""Spherical UAP pulsing over water [CALLSIGN]""",pursue-02,Department of War,video,2026-05-22,,,unknown,,,true,flagged,false,1007718,154396345,https://d34w7g4gy10iej.cloudfront.net/video/2605/DOD_111719741/DOD_111719741.mp4,,false,223,records/dow-uap-pr056.md,"This is one file in the U.S. Department of War PURSUE catalog, Release 02 (May 22, 2026). The agency on the row is Department of War. The catalog calls the file type VID. The incident date cell says ""not given"". The incident location cell says ""not given"". The catalog flags this row as redacted. That flag is only a yes or no. It does not say how much was removed, and this archive did not open the file to look.
The government's own description of the file is quoted in the next section. If that description and the date or place cells disagree, both are printed here and neither has been ""fixed."""
dow-uap-pr057a-spherical-uap-in-clouds,,"DOW-UAP-PR057a, ""Spherical UAP in clouds""",pursue-02,Department of War,video,2026-05-22,2023,2023,year,Yellow Sea,Yellow Sea,true,flagged,false,1007720,32245123,https://d34w7g4gy10iej.cloudfront.net/video/2605/DOD_111719752/DOD_111719752.mp4,,false,224,records/dow-uap-pr057a-spherical-uap-in-clouds.md,"This is one file in the U.S. Department of War PURSUE catalog, Release 02 (May 22, 2026). The agency on the row is Department of War. The catalog calls the file type VID. The incident date cell says ""2023"". The incident location cell says ""Yellow Sea"". The catalog flags this row as redacted. That flag is only a yes or no. It does not say how much was removed, and this archive did not open the file to look.
The government's own description of the file is quoted in the next section. If that description and the date or place cells disagree, both are printed here and neither has been ""fixed."""
dow-uap-pr057b-platform-observes-uap-in-east-china-sea-05-jan-2023-indopacom,,"DOW-UAP-PR057b, ""[Platform] Observes UAP in East China Sea 05 JAN 2023 INDOPACOM""",pursue-02,Department of War,video,2026-05-22,2023,2023,year,Yellow Sea,Yellow Sea,true,flagged,false,1007720,32245123,https://d34w7g4gy10iej.cloudfront.net/video/2605/DOD_111719752/DOD_111719752.mp4,,false,225,records/dow-uap-pr057b-platform-observes-uap-in-east-china-sea-05-jan-2023-indopacom.md,"This is one file in the U.S. Department of War PURSUE catalog, Release 02 (May 22, 2026). The agency on the row is Department of War. The catalog calls the file type VID. The incident date cell says ""2023"". The incident location cell says ""Yellow Sea"". The catalog flags this row as redacted. That flag is only a yes or no. It does not say how much was removed, and this archive did not open the file to look.
The government's own description of the file is quoted in the next section. If that description and the date or place cells disagree, both are printed here and neither has been ""fixed."""
dow-uap-pr058,DOW-UAP-PR058,"DOW-UAP-PR058, ""[CALLSIGN] (Mission) UAP""",pursue-02,Department of War,video,2026-05-22,,,unknown,INDOPACOM,INDOPACOM,true,flagged,false,1007723,222784206,https://d34w7g4gy10iej.cloudfront.net/video/2605/DOD_111719800/DOD_111719800.mp4,,false,226,records/dow-uap-pr058.md,"This is one file in the U.S. Department of War PURSUE catalog, Release 02 (May 22, 2026). The agency on the row is Department of War. The catalog calls the file type VID. The incident date cell says ""not given"". The incident location cell says ""INDOPACOM"". The catalog flags this row as redacted. That flag is only a yes or no. It does not say how much was removed, and this archive did not open the file to look.
The government's own description of the file is quoted in the next section. If that description and the date or place cells disagree, both are printed here and neither has been ""fixed."""
dow-uap-pr059,DOW-UAP-PR059,"DOW-UAP-PR059, ""NAG UAP 1 Jun 20""",pursue-02,Department of War,video,2026-05-22,2020,2020,year,CENTCOM,CENTCOM,true,flagged,false,1007727,71526914,https://d34w7g4gy10iej.cloudfront.net/video/2605/DOD_111719809/DOD_111719809.mp4,,false,227,records/dow-uap-pr059.md,"This is one file in the U.S. Department of War PURSUE catalog, Release 02 (May 22, 2026). The agency on the row is Department of War. The catalog calls the file type VID. The incident date cell says ""2020"". The incident location cell says ""CENTCOM"". The catalog flags this row as redacted. That flag is only a yes or no. It does not say how much was removed, and this archive did not open the file to look.
The government's own description of the file is quoted in the next section. If that description and the date or place cells disagree, both are printed here and neither has been ""fixed."""
dow-uap-pr060,DOW-UAP-PR060,"DOW-UAP-PR060, ""Spherical UAP [CALLSIGN] 2021/04/12 obj 2""",pursue-02,Department of War,video,2026-05-22,2021,2021,year,CENTCOM,CENTCOM,true,flagged,false,1007734,232016287,https://d34w7g4gy10iej.cloudfront.net/video/2605/DOD_111719823/DOD_111719823.mp4,,false,228,records/dow-uap-pr060.md,"This is one file in the U.S. Department of War PURSUE catalog, Release 02 (May 22, 2026). The agency on the row is Department of War. The catalog calls the file type VID. The incident date cell says ""2021"". The incident location cell says ""CENTCOM"". The catalog flags this row as redacted. That flag is only a yes or no. It does not say how much was removed, and this archive did not open the file to look.
The government's own description of the file is quoted in the next section. If that description and the date or place cells disagree, both are printed here and neither has been ""fixed."""
dow-uap-pr061,DOW-UAP-PR061,"DOW-UAP-PR061, ""Spherical UAP [CALLSIGN] 2021/04/12 vid 0""",pursue-02,Department of War,video,2026-05-22,2021,2021,year,CENTCOM,CENTCOM,true,flagged,false,1007735,155095103,https://d34w7g4gy10iej.cloudfront.net/video/2605/DOD_111719828/DOD_111719828.mp4,,false,229,records/dow-uap-pr061.md,"This is one file in the U.S. Department of War PURSUE catalog, Release 02 (May 22, 2026). The agency on the row is Department of War. The catalog calls the file type VID. The incident date cell says ""2021"". The incident location cell says ""CENTCOM"". The catalog flags this row as redacted. That flag is only a yes or no. It does not say how much was removed, and this archive did not open the file to look.
The government's own description of the file is quoted in the next section. If that description and the date or place cells disagree, both are printed here and neither has been ""fixed."""
dow-uap-pr062,DOW-UAP-PR062,"DOW-UAP-PR062, ""Spherical UAP [CALLSIGN] 2021/04/12 vid 1""",pursue-02,Department of War,video,2026-05-22,2021,2021,year,CENTCOM,CENTCOM,true,flagged,false,1007739,152419204,https://d34w7g4gy10iej.cloudfront.net/video/2605/DOD_111719847/DOD_111719847.mp4,,false,230,records/dow-uap-pr062.md,"This is one file in the U.S. Department of War PURSUE catalog, Release 02 (May 22, 2026). The agency on the row is Department of War. The catalog calls the file type VID. The incident date cell says ""2021"". The incident location cell says ""CENTCOM"". The catalog flags this row as redacted. That flag is only a yes or no. It does not say how much was removed, and this archive did not open the file to look.
The government's own description of the file is quoted in the next section. If that description and the date or place cells disagree, both are printed here and neither has been ""fixed."""
dow-uap-pr063,DOW-UAP-PR063,"DOW-UAP-PR063, ""Spherical UAP [CALLSIGN] 2021/04/12 vid 2""",pursue-02,Department of War,video,2026-05-22,2021,2021,year,CENTCOM,CENTCOM,true,flagged,false,1007740,217735043,https://d34w7g4gy10iej.cloudfront.net/video/2605/DOD_111719850/DOD_111719850.mp4,,false,231,records/dow-uap-pr063.md,"This is one file in the U.S. Department of War PURSUE catalog, Release 02 (May 22, 2026). The agency on the row is Department of War. The catalog calls the file type VID. The incident date cell says ""2021"". The incident location cell says ""CENTCOM"". The catalog flags this row as redacted. That flag is only a yes or no. It does not say how much was removed, and this archive did not open the file to look.
The government's own description of the file is quoted in the next section. If that description and the date or place cells disagree, both are printed here and neither has been ""fixed."""
dow-uap-pr064,DOW-UAP-PR064,"DOW-UAP-PR064, ""AFSOC Kabul UAP Jul 2017""",pursue-02,Department of War,video,2026-05-22,,,unknown,CENTCOM,CENTCOM,true,flagged,false,1007741,3233071,https://d34w7g4gy10iej.cloudfront.net/video/2605/DOD_111719852/DOD_111719852.mp4,,false,232,records/dow-uap-pr064.md,"This is one file in the U.S. Department of War PURSUE catalog, Release 02 (May 22, 2026). The agency on the row is Department of War. The catalog calls the file type VID. The incident date cell says ""not given"". The incident location cell says ""CENTCOM"". The catalog flags this row as redacted. That flag is only a yes or no. It does not say how much was removed, and this archive did not open the file to look.
The government's own description of the file is quoted in the next section. If that description and the date or place cells disagree, both are printed here and neither has been ""fixed."""
dow-uap-pr065,DOW-UAP-PR065,"DOW-UAP-PR065, ""USCG C-144 Tyndall UAP 2 TIC TAC IR hot 24 April 2024""",pursue-02,Department of War,video,2026-05-22,2024,2024,year,Southeastern United States,Southeastern United States,true,flagged,false,1007777,1357057,https://d34w7g4gy10iej.cloudfront.net/video/2605/DOD_111720692/DOD_111720692.mp4,,false,233,records/dow-uap-pr065.md,"This is one file in the U.S. Department of War PURSUE catalog, Release 02 (May 22, 2026). The agency on the row is Department of War. The catalog calls the file type VID. The incident date cell says ""2024"". The incident location cell says ""Southeastern United States"". The catalog flags this row as redacted. That flag is only a yes or no. It does not say how much was removed, and this archive did not open the file to look.
The government's own description of the file is quoted in the next section. If that description and the date or place cells disagree, both are printed here and neither has been ""fixed."""
dow-uap-pr066,DOW-UAP-PR066,"DOW-UAP-PR066, ""USCG C-144 Tyndall UAP 1 TIC TAC IR hot 24 April 2024""",pursue-02,Department of War,video,2026-05-22,2024,2024,year,Southeastern United States,Southeastern United States,true,flagged,false,1007778,35508173,https://d34w7g4gy10iej.cloudfront.net/video/2605/DOD_111720693/DOD_111720693.mp4,,false,234,records/dow-uap-pr066.md,"This is one file in the U.S. Department of War PURSUE catalog, Release 02 (May 22, 2026). The agency on the row is Department of War. The catalog calls the file type VID. The incident date cell says ""2024"". The incident location cell says ""Southeastern United States"". The catalog flags this row as redacted. That flag is only a yes or no. It does not say how much was removed, and this archive did not open the file to look.
The government's own description of the file is quoted in the next section. If that description and the date or place cells disagree, both are printed here and neither has been ""fixed."""
dow-uap-pr067,DOW-UAP-PR067,"DOW-UAP-PR067, ""Multiple Spherical UAP USO near Sub. [CALLSIGN] 2022/03/25 in and out of water""",pursue-02,Department of War,video,2026-05-22,,,unknown,,,true,flagged,false,1007779,161108257,https://d34w7g4gy10iej.cloudfront.net/video/2605/DOD_111720696/DOD_111720696.mp4,,false,235,records/dow-uap-pr067.md,"This is one file in the U.S. Department of War PURSUE catalog, Release 02 (May 22, 2026). The agency on the row is Department of War. The catalog calls the file type VID. The incident date cell says ""not given"". The incident location cell says ""not given"". The catalog flags this row as redacted. That flag is only a yes or no. It does not say how much was removed, and this archive did not open the file to look.
The government's own description of the file is quoted in the next section. If that description and the date or place cells disagree, both are printed here and neither has been ""fixed."""
dow-uap-pr068,DOW-UAP-PR068,"DOW-UAP-PR068, ""IIR 1 666 S0151 23/Video Footage of Unidentified Aerial Phenomenon (UAP) captured by fifth generation aircraft on 20 Jan 23""",pursue-02,Department of War,video,2026-05-22,2023,2023,year,NORTHCOM,NORTHCOM,true,flagged,false,1007780,16388514,https://d34w7g4gy10iej.cloudfront.net/video/2605/DOD_111720698/DOD_111720698.mp4,,false,236,records/dow-uap-pr068.md,"This is one file in the U.S. Department of War PURSUE catalog, Release 02 (May 22, 2026). The agency on the row is Department of War. The catalog calls the file type VID. The incident date cell says ""2023"". The incident location cell says ""NORTHCOM"". The catalog flags this row as redacted. That flag is only a yes or no. It does not say how much was removed, and this archive did not open the file to look.
The government's own description of the file is quoted in the next section. If that description and the date or place cells disagree, both are printed here and neither has been ""fixed."""
dow-uap-pr069,DOW-UAP-PR069,"DOW-UAP-PR069, ""F/A-18 FLIR UAP""",pursue-02,Department of War,video,2026-05-22,,,unknown,NORTHCOM,NORTHCOM,true,flagged,false,1007781,14735885,https://d34w7g4gy10iej.cloudfront.net/video/2605/DOD_111720700/DOD_111720700.mp4,,false,237,records/dow-uap-pr069.md,"This is one file in the U.S. Department of War PURSUE catalog, Release 02 (May 22, 2026). The agency on the row is Department of War. The catalog calls the file type VID. The incident date cell says ""not given"". The incident location cell says ""NORTHCOM"". The catalog flags this row as redacted. That flag is only a yes or no. It does not say how much was removed, and this archive did not open the file to look.
The government's own description of the file is quoted in the next section. If that description and the date or place cells disagree, both are printed here and neither has been ""fixed."""
dow-uap-pr070,DOW-UAP-PR070,"DOW-UAP-PR070, ""IIR 1 655 S0301 23/Eglin AFB Aircrew Observed Unidentified Aerial Phenomena (UAP) on 13 Feb 23""",pursue-02,Department of War,video,2026-05-22,2023,2023,year,Southeastern United States,Southeastern United States,true,flagged,false,1007783,37550237,https://d34w7g4gy10iej.cloudfront.net/video/2605/DOD_111720720/DOD_111720720.mp4,,false,238,records/dow-uap-pr070.md,"This is one file in the U.S. Department of War PURSUE catalog, Release 02 (May 22, 2026). The agency on the row is Department of War. The catalog calls the file type VID. The incident date cell says ""2023"". The incident location cell says ""Southeastern United States"". The catalog flags this row as redacted. That flag is only a yes or no. It does not say how much was removed, and this archive did not open the file to look.
The government's own description of the file is quoted in the next section. If that description and the date or place cells disagree, both are printed here and neither has been ""fixed."""
dow-uap-pr071,DOW-UAP-PR071,"DOW-UAP-PR071, ""USAF ANG F-16C (callsign [CALLSIGN]) Shoots Down UAP over Lake Huron with [Weapon System], 12 Feb 2023""",pursue-02,Department of War,video,2026-05-22,2023,2023,year,NORTHCOM,NORTHCOM,true,flagged,false,1007784,4882300,https://d34w7g4gy10iej.cloudfront.net/video/2605/DOD_111720731/DOD_111720731.mp4,,false,239,records/dow-uap-pr071.md,"This is one file in the U.S. Department of War PURSUE catalog, Release 02 (May 22, 2026). The agency on the row is Department of War. The catalog calls the file type VID. The incident date cell says ""2023"". The incident location cell says ""NORTHCOM"". The catalog flags this row as redacted. That flag is only a yes or no. It does not say how much was removed, and this archive did not open the file to look.
The government's own description of the file is quoted in the next section. If that description and the date or place cells disagree, both are printed here and neither has been ""fixed."""
dow-uap-pr072,DOW-UAP-PR072,"DOW-UAP-PR072, ""ADMINISTRATIVE REVISION: IIR 1777 J0032 22 Kazakhstan - UAP in the vicinity of Karaganda International Airport""",pursue-02,Department of War,video,2026-05-22,2022,2022,year,Kazakhstan,Kazakhstan,false,not_flagged,false,1007788,3879489,https://d34w7g4gy10iej.cloudfront.net/video/2605/DOD_111720752/DOD_111720752.mp4,,false,240,records/dow-uap-pr072.md,"This is one file in the U.S. Department of War PURSUE catalog, Release 02 (May 22, 2026). The agency on the row is Department of War. The catalog calls the file type VID. The incident date cell says ""2022"". The incident location cell says ""Kazakhstan"". The catalog does not flag this row as redacted. That flag is only a yes or no. It does not say how much was removed, and this archive did not open the file to look.
The government's own description of the file is quoted in the next section. If that description and the date or place cells disagree, both are printed here and neither has been ""fixed."""
dow-uap-pr073,DOW-UAP-PR073,"DOW-UAP-PR073, IIR 1 655 S0053 23/Several Unidentified Aerial Phenomenon Encountered In The Vicinity of Columbus OH""",pursue-02,Department of War,video,2026-05-22,2022,2022,year,Midwestern United States,Midwestern United States,true,flagged,false,1007790,2347351,https://d34w7g4gy10iej.cloudfront.net/video/2605/DOD_111720765/DOD_111720765.mp4,,false,241,records/dow-uap-pr073.md,"This is one file in the U.S. Department of War PURSUE catalog, Release 02 (May 22, 2026). The agency on the row is Department of War. The catalog calls the file type VID. The incident date cell says ""2022"". The incident location cell says ""Midwestern United States"". The catalog flags this row as redacted. That flag is only a yes or no. It does not say how much was removed, and this archive did not open the file to look.
The government's own description of the file is quoted in the next section. If that description and the date or place cells disagree, both are printed here and neither has been ""fixed."""
dow-uap-pr074,DOW-UAP-PR074,"DOW-UAP-PR074, ""[CALLSIGN] (Mission)HD_20220613""",pursue-02,Department of War,video,2026-05-22,2022,2022,year,CENTCOM,CENTCOM,true,flagged,false,1007791,77412815,https://d34w7g4gy10iej.cloudfront.net/video/2605/DOD_111720775/DOD_111720775.mp4,,false,242,records/dow-uap-pr074.md,"This is one file in the U.S. Department of War PURSUE catalog, Release 02 (May 22, 2026). The agency on the row is Department of War. The catalog calls the file type VID. The incident date cell says ""2022"". The incident location cell says ""CENTCOM"". The catalog flags this row as redacted. That flag is only a yes or no. It does not say how much was removed, and this archive did not open the file to look.
The government's own description of the file is quoted in the next section. If that description and the date or place cells disagree, both are printed here and neither has been ""fixed."""
dow-uap-pr075,DOW-UAP-PR075,"DOW-UAP-PR075, ""09JUN2021 [Platform] observed UAP in the ECS""",pursue-02,Department of War,video,2026-05-22,2021,2021,year,East China Sea,East China Sea,true,flagged,false,1007795,19009940,https://d34w7g4gy10iej.cloudfront.net/video/2605/DOD_111720809/DOD_111720809.mp4,,false,243,records/dow-uap-pr075.md,"This is one file in the U.S. Department of War PURSUE catalog, Release 02 (May 22, 2026). The agency on the row is Department of War. The catalog calls the file type VID. The incident date cell says ""2021"". The incident location cell says ""East China Sea"". The catalog flags this row as redacted. That flag is only a yes or no. It does not say how much was removed, and this archive did not open the file to look.
The government's own description of the file is quoted in the next section. If that description and the date or place cells disagree, both are printed here and neither has been ""fixed."""
dow-uap-pr076,DOW-UAP-PR076,"DOW-UAP-PR076, ""03 January 2021 [CALLSIGN] (Mission) observes UAP""",pursue-02,Department of War,video,2026-05-22,2021,2021,year,CENTCOM,CENTCOM,true,flagged,false,1007804,85356068,https://d34w7g4gy10iej.cloudfront.net/video/2605/DOD_111720857/DOD_111720857.mp4,,false,244,records/dow-uap-pr076.md,"This is one file in the U.S. Department of War PURSUE catalog, Release 02 (May 22, 2026). The agency on the row is Department of War. The catalog calls the file type VID. The incident date cell says ""2021"". The incident location cell says ""CENTCOM"". The catalog flags this row as redacted. That flag is only a yes or no. It does not say how much was removed, and this archive did not open the file to look.
The government's own description of the file is quoted in the next section. If that description and the date or place cells disagree, both are printed here and neither has been ""fixed."""
dow-uap-pr077,DOW-UAP-PR077,"DOW-UAP-PR077, ""2 November 2020 [CALLSIGN] [CALLSIGN] Observes and tracks UAP 1 of 2""",pursue-02,Department of War,video,2026-05-22,2020,2020,year,CENTCOM,CENTCOM,true,flagged,false,1007809,81019965,https://d34w7g4gy10iej.cloudfront.net/video/2605/DOD_111720884/DOD_111720884.mp4,,false,245,records/dow-uap-pr077.md,"This is one file in the U.S. Department of War PURSUE catalog, Release 02 (May 22, 2026). The agency on the row is Department of War. The catalog calls the file type VID. The incident date cell says ""2020"". The incident location cell says ""CENTCOM"". The catalog flags this row as redacted. That flag is only a yes or no. It does not say how much was removed, and this archive did not open the file to look.
The government's own description of the file is quoted in the next section. If that description and the date or place cells disagree, both are printed here and neither has been ""fixed."""
dow-uap-pr078,DOW-UAP-PR078,"DOW-UAP-PR078, ""2 November 2020 [CALLSIGN] [CALLSIGN] Observes and tracks UAP 2 of 2""",pursue-02,Department of War,video,2026-05-22,2020,2020,year,CENTCOM,CENTCOM,true,flagged,false,1007812,73021645,https://d34w7g4gy10iej.cloudfront.net/video/2605/DOD_111720890/DOD_111720890.mp4,,false,246,records/dow-uap-pr078.md,"This is one file in the U.S. Department of War PURSUE catalog, Release 02 (May 22, 2026). The agency on the row is Department of War. The catalog calls the file type VID. The incident date cell says ""2020"". The incident location cell says ""CENTCOM"". The catalog flags this row as redacted. That flag is only a yes or no. It does not say how much was removed, and this archive did not open the file to look.
The government's own description of the file is quoted in the next section. If that description and the date or place cells disagree, both are printed here and neither has been ""fixed."""
dow-uap-pr079,DOW-UAP-PR079,"DOW-UAP-PR079, ""29 October 2020 [CALLSIGN] (Mission) observes 3 fast moving UAP's""",pursue-02,Department of War,video,2026-05-22,2020,2020,year,CENTCOM,CENTCOM,true,flagged,false,1007816,68997343,https://d34w7g4gy10iej.cloudfront.net/video/2605/DOD_111720899/DOD_111720899.mp4,,false,247,records/dow-uap-pr079.md,"This is one file in the U.S. Department of War PURSUE catalog, Release 02 (May 22, 2026). The agency on the row is Department of War. The catalog calls the file type VID. The incident date cell says ""2020"". The incident location cell says ""CENTCOM"". The catalog flags this row as redacted. That flag is only a yes or no. It does not say how much was removed, and this archive did not open the file to look.
The government's own description of the file is quoted in the next section. If that description and the date or place cells disagree, both are printed here and neither has been ""fixed."""
dow-uap-pr080,DOW-UAP-PR080,"DOW-UAP-PR080, ""20 October 2020 [CALLSIGN] [CALLSIGN] Observes UAP""",pursue-02,Department of War,video,2026-05-22,2020,2020,year,CENTCOM,CENTCOM,true,flagged,false,1007803,57312113,https://d34w7g4gy10iej.cloudfront.net/video/2605/DOD_111720856/DOD_111720856.mp4,,false,248,records/dow-uap-pr080.md,"This is one file in the U.S. Department of War PURSUE catalog, Release 02 (May 22, 2026). The agency on the row is Department of War. The catalog calls the file type VID. The incident date cell says ""2020"". The incident location cell says ""CENTCOM"". The catalog flags this row as redacted. That flag is only a yes or no. It does not say how much was removed, and this archive did not open the file to look.
The government's own description of the file is quoted in the next section. If that description and the date or place cells disagree, both are printed here and neither has been ""fixed."""
dow-uap-pr081,DOW-UAP-PR081,"DOW-UAP-PR081, ""18 Oct 2020 [CALLSIGN] observes UAP""",pursue-02,Department of War,video,2026-05-22,2020,2020,year,AFRICOM,AFRICOM,true,flagged,false,1007805,45125826,https://d34w7g4gy10iej.cloudfront.net/video/2605/DOD_111720858/DOD_111720858.mp4,,false,249,records/dow-uap-pr081.md,"This is one file in the U.S. Department of War PURSUE catalog, Release 02 (May 22, 2026). The agency on the row is Department of War. The catalog calls the file type VID. The incident date cell says ""2020"". The incident location cell says ""AFRICOM"". The catalog flags this row as redacted. That flag is only a yes or no. It does not say how much was removed, and this archive did not open the file to look.
The government's own description of the file is quoted in the next section. If that description and the date or place cells disagree, both are printed here and neither has been ""fixed."""
dow-uap-pr082,DOW-UAP-PR082,"DOW-UAP-PR082, ""16 OCT 2020 [CALLSIGN] views UAP""",pursue-02,Department of War,video,2026-05-22,2020,2020,year,AFRICOM,AFRICOM,true,flagged,false,1007807,42732227,https://d34w7g4gy10iej.cloudfront.net/video/2605/DOD_111720861/DOD_111720861.mp4,,false,250,records/dow-uap-pr082.md,"This is one file in the U.S. Department of War PURSUE catalog, Release 02 (May 22, 2026). The agency on the row is Department of War. The catalog calls the file type VID. The incident date cell says ""2020"". The incident location cell says ""AFRICOM"". The catalog flags this row as redacted. That flag is only a yes or no. It does not say how much was removed, and this archive did not open the file to look.
The government's own description of the file is quoted in the next section. If that description and the date or place cells disagree, both are printed here and neither has been ""fixed."""
dow-uap-pr083,DOW-UAP-PR083,"DOW-UAP-PR083, ""7 October 2020 [CALLSIGN] observes UAP""",pursue-02,Department of War,video,2026-05-22,2020,2020,year,CENTCOM,CENTCOM,true,flagged,false,1007808,49591522,https://d34w7g4gy10iej.cloudfront.net/video/2605/DOD_111720883/DOD_111720883.mp4,,false,251,records/dow-uap-pr083.md,"This is one file in the U.S. Department of War PURSUE catalog, Release 02 (May 22, 2026). The agency on the row is Department of War. The catalog calls the file type VID. The incident date cell says ""2020"". The incident location cell says ""CENTCOM"". The catalog flags this row as redacted. That flag is only a yes or no. It does not say how much was removed, and this archive did not open the file to look.
The government's own description of the file is quoted in the next section. If that description and the date or place cells disagree, both are printed here and neither has been ""fixed."""
dow-uap-pr084,DOW-UAP-PR084,"DOW-UAP-PR084, ""17 Sept 2020 [CALLSIGN] observes UAP""",pursue-02,Department of War,video,2026-05-22,2020,2020,year,CENTCOM,CENTCOM,true,flagged,false,1007810,73611902,https://d34w7g4gy10iej.cloudfront.net/video/2605/DOD_111720886/DOD_111720886.mp4,,false,252,records/dow-uap-pr084.md,"This is one file in the U.S. Department of War PURSUE catalog, Release 02 (May 22, 2026). The agency on the row is Department of War. The catalog calls the file type VID. The incident date cell says ""2020"". The incident location cell says ""CENTCOM"". The catalog flags this row as redacted. That flag is only a yes or no. It does not say how much was removed, and this archive did not open the file to look.
The government's own description of the file is quoted in the next section. If that description and the date or place cells disagree, both are printed here and neither has been ""fixed."""
dow-uap-pr085,DOW-UAP-PR085,"DOW-UAP-PR085, ""16 Sept 2020 [CALLSIGN] [CALLSIGN] observes UAP""",pursue-02,Department of War,video,2026-05-22,2020,2020,year,CENTCOM,CENTCOM,true,flagged,false,1007796,64247862,https://d34w7g4gy10iej.cloudfront.net/video/2605/DOD_111720822/DOD_111720822.mp4,,false,253,records/dow-uap-pr085.md,"This is one file in the U.S. Department of War PURSUE catalog, Release 02 (May 22, 2026). The agency on the row is Department of War. The catalog calls the file type VID. The incident date cell says ""2020"". The incident location cell says ""CENTCOM"". The catalog flags this row as redacted. That flag is only a yes or no. It does not say how much was removed, and this archive did not open the file to look.
The government's own description of the file is quoted in the next section. If that description and the date or place cells disagree, both are printed here and neither has been ""fixed."""
dow-uap-pr086,DOW-UAP-PR086,"DOW-UAP-PR086, ""UAP from Dec 2019 (East Coast)""",pursue-02,Department of War,video,2026-05-22,2019,2019,year,NORTHCOM,NORTHCOM,true,flagged,false,1007797,17686298,https://d34w7g4gy10iej.cloudfront.net/video/2605/DOD_111720827/DOD_111720827.mp4,,false,254,records/dow-uap-pr086.md,"This is one file in the U.S. Department of War PURSUE catalog, Release 02 (May 22, 2026). The agency on the row is Department of War. The catalog calls the file type VID. The incident date cell says ""2019"". The incident location cell says ""NORTHCOM"". The catalog flags this row as redacted. That flag is only a yes or no. It does not say how much was removed, and this archive did not open the file to look.
The government's own description of the file is quoted in the next section. If that description and the date or place cells disagree, both are printed here and neither has been ""fixed."""
dow-uap-pr087,DOW-UAP-PR087,"DOW-UAP-PR087, ""05 September 2020 [CALLSIGN] UAP""",pursue-02,Department of War,video,2026-05-22,2020,2020,year,CENTCOM,CENTCOM,true,flagged,false,1007799,76491083,https://d34w7g4gy10iej.cloudfront.net/video/2605/DOD_111720830/DOD_111720830.mp4,,false,255,records/dow-uap-pr087.md,"This is one file in the U.S. Department of War PURSUE catalog, Release 02 (May 22, 2026). The agency on the row is Department of War. The catalog calls the file type VID. The incident date cell says ""2020"". The incident location cell says ""CENTCOM"". The catalog flags this row as redacted. That flag is only a yes or no. It does not say how much was removed, and this archive did not open the file to look.
The government's own description of the file is quoted in the next section. If that description and the date or place cells disagree, both are printed here and neither has been ""fixed."""
dow-uap-pr088,DOW-UAP-PR088,"DOW-UAP-PR088, ""31 AUG [CALLSIGN] [CALLSIGN] Observes UAP""",pursue-02,Department of War,video,2026-05-22,2020,2020,year,CENTCOM,CENTCOM,true,flagged,false,1007800,65470569,https://d34w7g4gy10iej.cloudfront.net/video/2605/DOD_111720843/DOD_111720843.mp4,,false,256,records/dow-uap-pr088.md,"This is one file in the U.S. Department of War PURSUE catalog, Release 02 (May 22, 2026). The agency on the row is Department of War. The catalog calls the file type VID. The incident date cell says ""2020"". The incident location cell says ""CENTCOM"". The catalog flags this row as redacted. That flag is only a yes or no. It does not say how much was removed, and this archive did not open the file to look.
The government's own description of the file is quoted in the next section. If that description and the date or place cells disagree, both are printed here and neither has been ""fixed."""
dow-uap-pr089,DOW-UAP-PR089,"DOW-UAP-PR089, ""31 AUG [CALLSIGN] [CALLSIGN] Observes UAP part2""",pursue-02,Department of War,video,2026-05-22,2020,2020,year,CENTCOM,CENTCOM,true,flagged,false,1007712,59020123,https://d34w7g4gy10iej.cloudfront.net/video/2605/DOD_111719730/DOD_111719730.mp4,,false,257,records/dow-uap-pr089.md,"This is one file in the U.S. Department of War PURSUE catalog, Release 02 (May 22, 2026). The agency on the row is Department of War. The catalog calls the file type VID. The incident date cell says ""2020"". The incident location cell says ""CENTCOM"". The catalog flags this row as redacted. That flag is only a yes or no. It does not say how much was removed, and this archive did not open the file to look.
The government's own description of the file is quoted in the next section. If that description and the date or place cells disagree, both are printed here and neither has been ""fixed."""
dow-uap-pr090,DOW-UAP-PR090,"DOW-UAP-PR090, ""24 AUG 2020 [CALLSIGN] (Mission) Observes UAP""",pursue-02,Department of War,video,2026-05-22,2020,2020,year,CENTCOM,CENTCOM,true,flagged,false,1007719,119599140,https://d34w7g4gy10iej.cloudfront.net/video/2605/DOD_111719746/DOD_111719746.mp4,,false,258,records/dow-uap-pr090.md,"This is one file in the U.S. Department of War PURSUE catalog, Release 02 (May 22, 2026). The agency on the row is Department of War. The catalog calls the file type VID. The incident date cell says ""2020"". The incident location cell says ""CENTCOM"". The catalog flags this row as redacted. That flag is only a yes or no. It does not say how much was removed, and this archive did not open the file to look.
The government's own description of the file is quoted in the next section. If that description and the date or place cells disagree, both are printed here and neither has been ""fixed."""
dow-uap-pr091,DOW-UAP-PR091,"DOW-UAP-PR091, ""21 AUG [CALLSIGN] Observes UAP in Persian Gulf""",pursue-02,Department of War,video,2026-05-22,2020,2020,year,CENTCOM,CENTCOM,true,flagged,false,1007716,113398818,https://d34w7g4gy10iej.cloudfront.net/video/2605/DOD_111719739/DOD_111719739.mp4,,false,259,records/dow-uap-pr091.md,"This is one file in the U.S. Department of War PURSUE catalog, Release 02 (May 22, 2026). The agency on the row is Department of War. The catalog calls the file type VID. The incident date cell says ""2020"". The incident location cell says ""CENTCOM"". The catalog flags this row as redacted. That flag is only a yes or no. It does not say how much was removed, and this archive did not open the file to look.
The government's own description of the file is quoted in the next section. If that description and the date or place cells disagree, both are printed here and neither has been ""fixed."""
dow-uap-pr092,DOW-UAP-PR092,"DOW-UAP-PR092, ""08 AUG 2020 [CALLSIGN] [CALLSIGN] UAP observation""",pursue-02,Department of War,video,2026-05-22,2020,2020,year,CENTCOM,CENTCOM,true,flagged,false,1007715,99372014,https://d34w7g4gy10iej.cloudfront.net/video/2605/DOD_111719736/DOD_111719736.mp4,,false,260,records/dow-uap-pr092.md,"This is one file in the U.S. Department of War PURSUE catalog, Release 02 (May 22, 2026). The agency on the row is Department of War. The catalog calls the file type VID. The incident date cell says ""2020"". The incident location cell says ""CENTCOM"". The catalog flags this row as redacted. That flag is only a yes or no. It does not say how much was removed, and this archive did not open the file to look.
The government's own description of the file is quoted in the next section. If that description and the date or place cells disagree, both are printed here and neither has been ""fixed."""
dow-uap-pr093,DOW-UAP-PR093,"DOW-UAP-PR093, ""May 05 2020 Gulf of Arabia [CALLSIGN] (Platform) Dual UAP""",pursue-02,Department of War,video,2026-05-22,2020,2020,year,CENTCOM,CENTCOM,true,flagged,false,1007721,14386538,https://d34w7g4gy10iej.cloudfront.net/video/2605/DOD_111719795/DOD_111719795.mp4,,false,261,records/dow-uap-pr093.md,"This is one file in the U.S. Department of War PURSUE catalog, Release 02 (May 22, 2026). The agency on the row is Department of War. The catalog calls the file type VID. The incident date cell says ""2020"". The incident location cell says ""CENTCOM"". The catalog flags this row as redacted. That flag is only a yes or no. It does not say how much was removed, and this archive did not open the file to look.
The government's own description of the file is quoted in the next section. If that description and the date or place cells disagree, both are printed here and neither has been ""fixed."""
dow-uap-pr094,DOW-UAP-PR094,"DOW-UAP-PR094, ""[CALLSIGN] (Mission) - HD 2020-02-13""",pursue-02,Department of War,video,2026-05-22,2020,2020,year,CENTCOM,CENTCOM,true,flagged,false,1007722,35576526,https://d34w7g4gy10iej.cloudfront.net/video/2605/DOD_111719799/DOD_111719799.mp4,,false,262,records/dow-uap-pr094.md,"This is one file in the U.S. Department of War PURSUE catalog, Release 02 (May 22, 2026). The agency on the row is Department of War. The catalog calls the file type VID. The incident date cell says ""2020"". The incident location cell says ""CENTCOM"". The catalog flags this row as redacted. That flag is only a yes or no. It does not say how much was removed, and this archive did not open the file to look.
The government's own description of the file is quoted in the next section. If that description and the date or place cells disagree, both are printed here and neither has been ""fixed."""
dow-uap-pr095,DOW-UAP-PR095,"DOW-UAP-PR095, ""May 05 2020 Gulf of Arabia [CALLSIGN] (Platform) Dual UAP""",pursue-02,Department of War,video,2026-05-22,2020,2020,year,CENTCOM,CENTCOM,true,flagged,false,1007725,193686171,https://d34w7g4gy10iej.cloudfront.net/video/2605/DOD_111719804/DOD_111719804.mp4,,false,263,records/dow-uap-pr095.md,"This is one file in the U.S. Department of War PURSUE catalog, Release 02 (May 22, 2026). The agency on the row is Department of War. The catalog calls the file type VID. The incident date cell says ""2020"". The incident location cell says ""CENTCOM"". The catalog flags this row as redacted. That flag is only a yes or no. It does not say how much was removed, and this archive did not open the file to look.
The government's own description of the file is quoted in the next section. If that description and the date or place cells disagree, both are printed here and neither has been ""fixed."""
dow-uap-pr096,DOW-UAP-PR096,"DOW-UAP-PR096, ""HH11 03 July 2018 UAPs""",pursue-02,Department of War,video,2026-05-22,2018,2018,year,CENTCOM,CENTCOM,true,flagged,false,1007726,73000480,https://d34w7g4gy10iej.cloudfront.net/video/2605/DOD_111719807/DOD_111719807.mp4,,false,264,records/dow-uap-pr096.md,"This is one file in the U.S. Department of War PURSUE catalog, Release 02 (May 22, 2026). The agency on the row is Department of War. The catalog calls the file type VID. The incident date cell says ""2018"". The incident location cell says ""CENTCOM"". The catalog flags this row as redacted. That flag is only a yes or no. It does not say how much was removed, and this archive did not open the file to look.
The government's own description of the file is quoted in the next section. If that description and the date or place cells disagree, both are printed here and neither has been ""fixed."""
dow-uap-pr097,DOW-UAP-PR097,"DOW-UAP-PR097, ""Hi-Res: [CALLSIGN] Observes UAP on 25SEP19 at 2135Z""",pursue-02,Department of War,video,2026-05-22,2019,2019,year,CENTCOM,CENTCOM,true,flagged,false,1007728,102201405,https://d34w7g4gy10iej.cloudfront.net/video/2605/DOD_111719813/DOD_111719813.mp4,,false,265,records/dow-uap-pr097.md,"This is one file in the U.S. Department of War PURSUE catalog, Release 02 (May 22, 2026). The agency on the row is Department of War. The catalog calls the file type VID. The incident date cell says ""2019"". The incident location cell says ""CENTCOM"". The catalog flags this row as redacted. That flag is only a yes or no. It does not say how much was removed, and this archive did not open the file to look.
The government's own description of the file is quoted in the next section. If that description and the date or place cells disagree, both are printed here and neither has been ""fixed."""
dow-uap-pr098,DOW-UAP-PR098,"DOW-UAP-PR098, ""UFOs in formation over Persian Gulf?""",pursue-02,Department of War,video,2026-05-22,,,unknown,CENTCOM,CENTCOM,true,flagged,false,1007737,255204035,https://d34w7g4gy10iej.cloudfront.net/video/2605/DOD_111719833/DOD_111719833.mp4,,false,266,records/dow-uap-pr098.md,"This is one file in the U.S. Department of War PURSUE catalog, Release 02 (May 22, 2026). The agency on the row is Department of War. The catalog calls the file type VID. The incident date cell says ""not given"". The incident location cell says ""CENTCOM"". The catalog flags this row as redacted. That flag is only a yes or no. It does not say how much was removed, and this archive did not open the file to look.
The government's own description of the file is quoted in the next section. If that description and the date or place cells disagree, both are printed here and neither has been ""fixed."""
dow-uap-pr099,DOW-UAP-PR099,"DOW-UAP-PR099, ""Hi-Res: [CALLSIGN] Observes UAP on 25SEP19 at 1715Z""",pursue-02,Department of War,video,2026-05-22,2023,2023,year,CENTCOM,CENTCOM,true,flagged,false,1007738,80316993,https://d34w7g4gy10iej.cloudfront.net/video/2605/DOD_111719835/DOD_111719835.mp4,,false,267,records/dow-uap-pr099.md,"This is one file in the U.S. Department of War PURSUE catalog, Release 02 (May 22, 2026). The agency on the row is Department of War. The catalog calls the file type VID. The incident date cell says ""2023"". The incident location cell says ""CENTCOM"". The catalog flags this row as redacted. That flag is only a yes or no. It does not say how much was removed, and this archive did not open the file to look.
The government's own description of the file is quoted in the next section. If that description and the date or place cells disagree, both are printed here and neither has been ""fixed."""
dow-uap-pr100,DOW-UAP-PR100,"DOW-UAP-PR100, Unresolved UAP Report, Yellow Sea, 2023",pursue-04,Department of War,video,2026-07-10,2023,2023,year,Yellow Sea,Yellow Sea,true,flagged,false,1014096,193631167,https://d34w7g4gy10iej.cloudfront.net/video/2607/DOD_111830004/DOD_111830004.mp4,,false,268,records/dow-uap-pr100.md,"This is one file in the U.S. Department of War PURSUE catalog, Release 04 (July 10, 2026). The agency on the row is Department of War. The catalog calls the file type VID. The incident date cell says ""2023"". The incident location cell says ""Yellow Sea"". The catalog flags this row as redacted. That flag is only a yes or no. It does not say how much was removed, and this archive did not open the file to look.
The government's own description of the file is quoted in the next section. If that description and the date or place cells disagree, both are printed here and neither has been ""fixed."""
dow-uap-pr101,DOW-UAP-PR101,"DOW-UAP-PR101, Unresolved UAP Report, South China Sea, 2024",pursue-04,Department of War,video,2026-07-10,2024,2024,year,South China Sea,South China Sea,true,flagged,false,1014097,48801621,https://d34w7g4gy10iej.cloudfront.net/video/2607/DOD_111830007/DOD_111830007.mp4,,false,269,records/dow-uap-pr101.md,"This is one file in the U.S. Department of War PURSUE catalog, Release 04 (July 10, 2026). The agency on the row is Department of War. The catalog calls the file type VID. The incident date cell says ""2024"". The incident location cell says ""South China Sea"". The catalog flags this row as redacted. That flag is only a yes or no. It does not say how much was removed, and this archive did not open the file to look.
The government's own description of the file is quoted in the next section. If that description and the date or place cells disagree, both are printed here and neither has been ""fixed."""
dow-uap-pr102,DOW-UAP-PR102,"DOW-UAP-PR102, Unresolved UAP Report, East China Sea, 2024",pursue-04,Department of War,video,2026-07-10,2024,2024,year,East China Sea,East China Sea,true,flagged,false,1014098,17011795,https://d34w7g4gy10iej.cloudfront.net/video/2607/DOD_111830012/DOD_111830012.mp4,,false,270,records/dow-uap-pr102.md,"This is one file in the U.S. Department of War PURSUE catalog, Release 04 (July 10, 2026). The agency on the row is Department of War. The catalog calls the file type VID. The incident date cell says ""2024"". The incident location cell says ""East China Sea"". The catalog flags this row as redacted. That flag is only a yes or no. It does not say how much was removed, and this archive did not open the file to look.
The government's own description of the file is quoted in the next section. If that description and the date or place cells disagree, both are printed here and neither has been ""fixed."""
dow-uap-pr103,DOW-UAP-PR103,"DOW-UAP-PR103, Unresolved UAP Report, East China Sea, 2024",pursue-04,Department of War,video,2026-07-10,2024,2024,year,East China Sea,East China Sea,true,flagged,false,1014099,11599991,https://d34w7g4gy10iej.cloudfront.net/video/2607/DOD_111830015/DOD_111830015.mp4,,false,271,records/dow-uap-pr103.md,"This is one file in the U.S. Department of War PURSUE catalog, Release 04 (July 10, 2026). The agency on the row is Department of War. The catalog calls the file type VID. The incident date cell says ""2024"". The incident location cell says ""East China Sea"". The catalog flags this row as redacted. That flag is only a yes or no. It does not say how much was removed, and this archive did not open the file to look.
The government's own description of the file is quoted in the next section. If that description and the date or place cells disagree, both are printed here and neither has been ""fixed."""
dow-uap-pr104,DOW-UAP-PR104,"DOW-UAP-PR104, Unresolved UAP Report, Yellow Sea, 2025",pursue-04,Department of War,video,2026-07-10,2025,2025,year,Yellow Sea,Yellow Sea,true,flagged,false,1014101,7959105,https://d34w7g4gy10iej.cloudfront.net/video/2607/DOD_111830027/DOD_111830027.mp4,,false,272,records/dow-uap-pr104.md,"This is one file in the U.S. Department of War PURSUE catalog, Release 04 (July 10, 2026). The agency on the row is Department of War. The catalog calls the file type VID. The incident date cell says ""2025"". The incident location cell says ""Yellow Sea"". The catalog flags this row as redacted. That flag is only a yes or no. It does not say how much was removed, and this archive did not open the file to look.
The government's own description of the file is quoted in the next section. If that description and the date or place cells disagree, both are printed here and neither has been ""fixed."""
dow-uap-pr105,DOW-UAP-PR105,"DOW-UAP-PR105, Unresolved UAP Report, East China Sea, 2025",pursue-04,Department of War,video,2026-07-10,2025,2025,year,East China Sea,East China Sea,true,flagged,false,1014103,152678024,https://d34w7g4gy10iej.cloudfront.net/video/2607/DOD_111830030/DOD_111830030.mp4,,false,273,records/dow-uap-pr105.md,"This is one file in the U.S. Department of War PURSUE catalog, Release 04 (July 10, 2026). The agency on the row is Department of War. The catalog calls the file type VID. The incident date cell says ""2025"". The incident location cell says ""East China Sea"". The catalog flags this row as redacted. That flag is only a yes or no. It does not say how much was removed, and this archive did not open the file to look.
The government's own description of the file is quoted in the next section. If that description and the date or place cells disagree, both are printed here and neither has been ""fixed."""
dow-uap-pr106,DOW-UAP-PR106,"DOW-UAP-PR106, Unresolved UAP Report, Eastern United States, 2020",pursue-04,Department of War,video,2026-07-10,2020,2020,year,Eastern United States,Eastern United States,false,not_flagged,false,1014104,2928948,https://d34w7g4gy10iej.cloudfront.net/video/2607/DOD_111830034/DOD_111830034.mp4,,false,274,records/dow-uap-pr106.md,"This is one file in the U.S. Department of War PURSUE catalog, Release 04 (July 10, 2026). The agency on the row is Department of War. The catalog calls the file type VID. The incident date cell says ""2020"". The incident location cell says ""Eastern United States"". The catalog does not flag this row as redacted. That flag is only a yes or no. It does not say how much was removed, and this archive did not open the file to look.
The government's own description of the file is quoted in the next section. If that description and the date or place cells disagree, both are printed here and neither has been ""fixed."""
dow-uap-pr107,DOW-UAP-PR107,"DOW-UAP-PR107, Unresolved UAP Report, Eastern United States, 2020",pursue-04,Department of War,video,2026-07-10,2020,2020,year,Eastern United States,Eastern United States,true,flagged,false,1014105,10305290,https://d34w7g4gy10iej.cloudfront.net/video/2607/DOD_111830041/DOD_111830041.mp4,,false,275,records/dow-uap-pr107.md,"This is one file in the U.S. Department of War PURSUE catalog, Release 04 (July 10, 2026). The agency on the row is Department of War. The catalog calls the file type VID. The incident date cell says ""2020"". The incident location cell says ""Eastern United States"". The catalog flags this row as redacted. That flag is only a yes or no. It does not say how much was removed, and this archive did not open the file to look.
The government's own description of the file is quoted in the next section. If that description and the date or place cells disagree, both are printed here and neither has been ""fixed."""
dow-uap-pr108,DOW-UAP-PR108,"DOW-UAP-PR108, Unresolved UAP Report, Western United States, 2020",pursue-04,Department of War,video,2026-07-10,2020,2020,year,Western United States,Western United States,false,not_flagged,false,1014106,22891490,https://d34w7g4gy10iej.cloudfront.net/video/2607/DOD_111830058/DOD_111830058.mp4,,false,276,records/dow-uap-pr108.md,"This is one file in the U.S. Department of War PURSUE catalog, Release 04 (July 10, 2026). The agency on the row is Department of War. The catalog calls the file type VID. The incident date cell says ""2020"". The incident location cell says ""Western United States"". The catalog does not flag this row as redacted. That flag is only a yes or no. It does not say how much was removed, and this archive did not open the file to look.
The government's own description of the file is quoted in the next section. If that description and the date or place cells disagree, both are printed here and neither has been ""fixed."""
dow-uap-pr109,DOW-UAP-PR109,"DOW-UAP-PR109, Unresolved UAP Report, Eastern United States, 2015",pursue-04,Department of War,video,2026-07-10,2015,2015,year,Eastern United States,Eastern United States,false,not_flagged,false,1014108,6287692,https://d34w7g4gy10iej.cloudfront.net/video/2607/DOD_111830065/DOD_111830065.mp4,,false,277,records/dow-uap-pr109.md,"This is one file in the U.S. Department of War PURSUE catalog, Release 04 (July 10, 2026). The agency on the row is Department of War. The catalog calls the file type VID. The incident date cell says ""2015"". The incident location cell says ""Eastern United States"". The catalog does not flag this row as redacted. That flag is only a yes or no. It does not say how much was removed, and this archive did not open the file to look.
The government's own description of the file is quoted in the next section. If that description and the date or place cells disagree, both are printed here and neither has been ""fixed."""
dow-uap-pr110,DOW-UAP-PR110,"DOW-UAP-PR110, Unresolved UAP Report, Eastern United States, 2020",pursue-04,Department of War,video,2026-07-10,2020,2020,year,Eastern United States,Eastern United States,false,not_flagged,false,1014112,7089077,https://d34w7g4gy10iej.cloudfront.net/video/2607/DOD_111830075/DOD_111830075.mp4,,false,278,records/dow-uap-pr110.md,"This is one file in the U.S. Department of War PURSUE catalog, Release 04 (July 10, 2026). The agency on the row is Department of War. The catalog calls the file type VID. The incident date cell says ""2020"". The incident location cell says ""Eastern United States"". The catalog does not flag this row as redacted. That flag is only a yes or no. It does not say how much was removed, and this archive did not open the file to look.
The government's own description of the file is quoted in the next section. If that description and the date or place cells disagree, both are printed here and neither has been ""fixed."""
dow-uap-pr111,DOW-UAP-PR111,"DOW-UAP-PR111, Unresolved UAP Report, Eastern United States, 2020",pursue-04,Department of War,video,2026-07-10,2020,2020,year,Eastern United States,Eastern United States,true,flagged,false,1014114,17338968,https://d34w7g4gy10iej.cloudfront.net/video/2607/DOD_111830080/DOD_111830080.mp4,,false,279,records/dow-uap-pr111.md,"This is one file in the U.S. Department of War PURSUE catalog, Release 04 (July 10, 2026). The agency on the row is Department of War. The catalog calls the file type VID. The incident date cell says ""2020"". The incident location cell says ""Eastern United States"". The catalog flags this row as redacted. That flag is only a yes or no. It does not say how much was removed, and this archive did not open the file to look.
The government's own description of the file is quoted in the next section. If that description and the date or place cells disagree, both are printed here and neither has been ""fixed."""
dow-uap-pr112,DOW-UAP-PR112,"DOW-UAP-PR112, Unresolved UAP Report, Eastern United States, 2019",pursue-04,Department of War,video,2026-07-10,2019,2019,year,Eastern United States,Eastern United States,true,flagged,false,1014128,24042398,https://d34w7g4gy10iej.cloudfront.net/video/2607/DOD_111830201/DOD_111830201.mp4,,false,280,records/dow-uap-pr112.md,"This is one file in the U.S. Department of War PURSUE catalog, Release 04 (July 10, 2026). The agency on the row is Department of War. The catalog calls the file type VID. The incident date cell says ""2019"". The incident location cell says ""Eastern United States"". The catalog flags this row as redacted. That flag is only a yes or no. It does not say how much was removed, and this archive did not open the file to look.
The government's own description of the file is quoted in the next section. If that description and the date or place cells disagree, both are printed here and neither has been ""fixed."""
dow-uap-pr113,DOW-UAP-PR113,"DOW-UAP-PR113, Unresolved UAP Report, Western United States, 1996",pursue-04,Department of War,video,2026-07-10,1996,1996,year,Western United States,Western United States,true,flagged,false,1014119,67179987,https://d34w7g4gy10iej.cloudfront.net/video/2607/DOD_111830133/DOD_111830133.mp4,,false,281,records/dow-uap-pr113.md,"This is one file in the U.S. Department of War PURSUE catalog, Release 04 (July 10, 2026). The agency on the row is Department of War. The catalog calls the file type VID. The incident date cell says ""1996"". The incident location cell says ""Western United States"". The catalog flags this row as redacted. That flag is only a yes or no. It does not say how much was removed, and this archive did not open the file to look.
The government's own description of the file is quoted in the next section. If that description and the date or place cells disagree, both are printed here and neither has been ""fixed."""
dow-uap-pr114,DOW-UAP-PR114,"DOW-UAP-PR114, Unresolved UAP Report, Atlantic Ocean, 2016",pursue-04,Department of War,video,2026-07-10,2016,2016,year,Atlantic Ocean,Atlantic Ocean,true,flagged,false,1014121,6692699,https://d34w7g4gy10iej.cloudfront.net/video/2607/DOD_111830143/DOD_111830143.mp4,,false,282,records/dow-uap-pr114.md,"This is one file in the U.S. Department of War PURSUE catalog, Release 04 (July 10, 2026). The agency on the row is Department of War. The catalog calls the file type VID. The incident date cell says ""2016"". The incident location cell says ""Atlantic Ocean"". The catalog flags this row as redacted. That flag is only a yes or no. It does not say how much was removed, and this archive did not open the file to look.
The government's own description of the file is quoted in the next section. If that description and the date or place cells disagree, both are printed here and neither has been ""fixed."""
dow-uap-pr115,DOW-UAP-PR115,"DOW-UAP-PR115, Unresolved UAP Report, Gulf of America, 2019",pursue-04,Department of War,video,2026-07-10,2019,2019,year,Gulf of America,Gulf of America,true,flagged,false,1014123,10884920,https://d34w7g4gy10iej.cloudfront.net/video/2607/DOD_111830147/DOD_111830147.mp4,,false,283,records/dow-uap-pr115.md,"This is one file in the U.S. Department of War PURSUE catalog, Release 04 (July 10, 2026). The agency on the row is Department of War. The catalog calls the file type VID. The incident date cell says ""2019"". The incident location cell says ""Gulf of America"". The catalog flags this row as redacted. That flag is only a yes or no. It does not say how much was removed, and this archive did not open the file to look.
The government's own description of the file is quoted in the next section. If that description and the date or place cells disagree, both are printed here and neither has been ""fixed."""
dow-uap-pr116,DOW-UAP-PR116,"DOW-UAP-PR116, Unresolved UAP Report, Atlantic Ocean, 2020",pursue-04,Department of War,video,2026-07-10,2020,2020,year,Atlantic Ocean,Atlantic Ocean,true,flagged,false,1014124,24274081,https://d34w7g4gy10iej.cloudfront.net/video/2607/DOD_111830151/DOD_111830151.mp4,,false,284,records/dow-uap-pr116.md,"This is one file in the U.S. Department of War PURSUE catalog, Release 04 (July 10, 2026). The agency on the row is Department of War. The catalog calls the file type VID. The incident date cell says ""2020"". The incident location cell says ""Atlantic Ocean"". The catalog flags this row as redacted. That flag is only a yes or no. It does not say how much was removed, and this archive did not open the file to look.
The government's own description of the file is quoted in the next section. If that description and the date or place cells disagree, both are printed here and neither has been ""fixed."""
dow-uap-pr117,DOW-UAP-PR117,"DOW-UAP-PR117, Unresolved UAP Report, Gulf of Oman, 2021",pursue-05,Department of War,video,2026-08-07,2021-09-08,9/8/21,day,,,false,not_flagged,false,1017793,20921441,https://d34w7g4gy10iej.cloudfront.net/video/2608/DOD_111887401/DOD_111887401.mp4,gulf-of-oman-orbs-2021,false,285,records/dow-uap-pr117.md,"This is one file in the U.S. Department of War PURSUE catalog, Release 05 (August 7, 2026). The agency on the row is Department of War. The catalog calls the file type VID. The incident date cell says ""9/8/21"". The incident location cell says ""not given"". The catalog does not flag this row as redacted. That flag is only a yes or no. It does not say how much was removed, and this archive did not open the file to look.
The government's own description of the file is quoted in the next section. If that description and the date or place cells disagree, both are printed here and neither has been ""fixed."""
dow-uap-pr118,DOW-UAP-PR118,"DOW-UAP-PR118, Unresolved UAP Report, Gulf of Oman, 2021",pursue-05,Department of War,video,2026-08-07,2021-09-08,9/8/21,day,,,false,not_flagged,false,1017795,24285664,https://d34w7g4gy10iej.cloudfront.net/video/2608/DOD_111887407/DOD_111887407.mp4,gulf-of-oman-orbs-2021,false,286,records/dow-uap-pr118.md,"This is one file in the U.S. Department of War PURSUE catalog, Release 05 (August 7, 2026). The agency on the row is Department of War. The catalog calls the file type VID. The incident date cell says ""9/8/21"". The incident location cell says ""not given"". The catalog does not flag this row as redacted. That flag is only a yes or no. It does not say how much was removed, and this archive did not open the file to look.
The government's own description of the file is quoted in the next section. If that description and the date or place cells disagree, both are printed here and neither has been ""fixed."""
dow-uap-pr119,DOW-UAP-PR119,"DOW-UAP-PR119, Unresolved UAP Report, Gulf of Oman, 2021",pursue-05,Department of War,video,2026-08-07,2021-09-08,9/8/21,day,,,false,not_flagged,false,1017798,2137188,https://d34w7g4gy10iej.cloudfront.net/video/2608/DOD_111887421/DOD_111887421.mp4,gulf-of-oman-orbs-2021,false,287,records/dow-uap-pr119.md,"This is one file in the U.S. Department of War PURSUE catalog, Release 05 (August 7, 2026). The agency on the row is Department of War. The catalog calls the file type VID. The incident date cell says ""9/8/21"". The incident location cell says ""not given"". The catalog does not flag this row as redacted. That flag is only a yes or no. It does not say how much was removed, and this archive did not open the file to look.
The government's own description of the file is quoted in the next section. If that description and the date or place cells disagree, both are printed here and neither has been ""fixed."""
dow-uap-pr120,DOW-UAP-PR120,"DOW-UAP-PR120, Unresolved UAP Report, Gulf of Oman, 2021",pursue-05,Department of War,video,2026-08-07,2021-09-08,9/8/21,day,,,false,not_flagged,false,1017800,10309926,https://d34w7g4gy10iej.cloudfront.net/video/2608/DOD_111887427/DOD_111887427.mp4,gulf-of-oman-orbs-2021,false,288,records/dow-uap-pr120.md,"This is one file in the U.S. Department of War PURSUE catalog, Release 05 (August 7, 2026). The agency on the row is Department of War. The catalog calls the file type VID. The incident date cell says ""9/8/21"". The incident location cell says ""not given"". The catalog does not flag this row as redacted. That flag is only a yes or no. It does not say how much was removed, and this archive did not open the file to look.
The government's own description of the file is quoted in the next section. If that description and the date or place cells disagree, both are printed here and neither has been ""fixed."""
dow-uap-pr121,DOW-UAP-PR121,"DOW-UAP-PR121, Unresolved UAP Report, Gulf of Oman, 2021",pursue-05,Department of War,video,2026-08-07,2021-09-08,9/8/21,day,,,false,not_flagged,false,1017802,23888704,https://d34w7g4gy10iej.cloudfront.net/video/2608/DOD_111887439/DOD_111887439.mp4,gulf-of-oman-orbs-2021,false,289,records/dow-uap-pr121.md,"This is one file in the U.S. Department of War PURSUE catalog, Release 05 (August 7, 2026). The agency on the row is Department of War. The catalog calls the file type VID. The incident date cell says ""9/8/21"". The incident location cell says ""not given"". The catalog does not flag this row as redacted. That flag is only a yes or no. It does not say how much was removed, and this archive did not open the file to look.
The government's own description of the file is quoted in the next section. If that description and the date or place cells disagree, both are printed here and neither has been ""fixed."""
dow-uap-pr122,DOW-UAP-PR122,"DOW-UAP-PR122, Unresolved UAP Report, Gulf of Oman, 2021",pursue-05,Department of War,video,2026-08-07,2021-09-08,9/8/21,day,,,false,not_flagged,false,1017803,16655319,https://d34w7g4gy10iej.cloudfront.net/video/2608/DOD_111887446/DOD_111887446.mp4,gulf-of-oman-orbs-2021,false,290,records/dow-uap-pr122.md,"This is one file in the U.S. Department of War PURSUE catalog, Release 05 (August 7, 2026). The agency on the row is Department of War. The catalog calls the file type VID. The incident date cell says ""9/8/21"". The incident location cell says ""not given"". The catalog does not flag this row as redacted. That flag is only a yes or no. It does not say how much was removed, and this archive did not open the file to look.
The government's own description of the file is quoted in the next section. If that description and the date or place cells disagree, both are printed here and neither has been ""fixed."""
dow-uap-pr123,DOW-UAP-PR123,"DOW-UAP-PR123, Unresolved UAP Report, Pacific Ocean, 2019",pursue-05,Department of War,video,2026-08-07,2019,2019,year,Pacific Ocean,Pacific Ocean,false,not_flagged,false,1017805,44374313,https://d34w7g4gy10iej.cloudfront.net/video/2608/DOD_111887456/DOD_111887456.mp4,,false,291,records/dow-uap-pr123.md,"This is one file in the U.S. Department of War PURSUE catalog, Release 05 (August 7, 2026). The agency on the row is Department of War. The catalog calls the file type VID. The incident date cell says ""2019"". The incident location cell says ""Pacific Ocean"". The catalog does not flag this row as redacted. That flag is only a yes or no. It does not say how much was removed, and this archive did not open the file to look.
The government's own description of the file is quoted in the next section. If that description and the date or place cells disagree, both are printed here and neither has been ""fixed."""
dow-uap-pr124,DOW-UAP-PR124,"DOW-UAP-PR124, Unresolved UAP Report, Pacific Ocean, 2019",pursue-05,Department of War,video,2026-08-07,2019,2019,year,Pacific Ocean,Pacific Ocean,false,not_flagged,false,1017806,64220001,https://d34w7g4gy10iej.cloudfront.net/video/2608/DOD_111887460/DOD_111887460.mp4,,false,292,records/dow-uap-pr124.md,"This is one file in the U.S. Department of War PURSUE catalog, Release 05 (August 7, 2026). The agency on the row is Department of War. The catalog calls the file type VID. The incident date cell says ""2019"". The incident location cell says ""Pacific Ocean"". The catalog does not flag this row as redacted. That flag is only a yes or no. It does not say how much was removed, and this archive did not open the file to look.
The government's own description of the file is quoted in the next section. If that description and the date or place cells disagree, both are printed here and neither has been ""fixed."""
dow-uap-pr125,DOW-UAP-PR125,"DOW-UAP-PR125, Unresolved UAP Report, Pacific Ocean, 2019",pursue-05,Department of War,video,2026-08-07,2019,2019,year,Pacific Ocean,Pacific Ocean,false,not_flagged,false,1017788,33432958,https://d34w7g4gy10iej.cloudfront.net/video/2608/DOD_111887376/DOD_111887376.mp4,,false,293,records/dow-uap-pr125.md,"This is one file in the U.S. Department of War PURSUE catalog, Release 05 (August 7, 2026). The agency on the row is Department of War. The catalog calls the file type VID. The incident date cell says ""2019"". The incident location cell says ""Pacific Ocean"". The catalog does not flag this row as redacted. That flag is only a yes or no. It does not say how much was removed, and this archive did not open the file to look.
The government's own description of the file is quoted in the next section. If that description and the date or place cells disagree, both are printed here and neither has been ""fixed."""
dow-uap-pr126,DOW-UAP-PR126,"DOW-UAP-PR126, Unresolved UAP Report, Pacific Ocean, 2019",pursue-05,Department of War,video,2026-08-07,2019,2019,year,Pacific Ocean,Pacific Ocean,false,not_flagged,false,1017790,89415992,https://d34w7g4gy10iej.cloudfront.net/video/2608/DOD_111887380/DOD_111887380.mp4,,false,294,records/dow-uap-pr126.md,"This is one file in the U.S. Department of War PURSUE catalog, Release 05 (August 7, 2026). The agency on the row is Department of War. The catalog calls the file type VID. The incident date cell says ""2019"". The incident location cell says ""Pacific Ocean"". The catalog does not flag this row as redacted. That flag is only a yes or no. It does not say how much was removed, and this archive did not open the file to look.
The government's own description of the file is quoted in the next section. If that description and the date or place cells disagree, both are printed here and neither has been ""fixed."""
dow-uap-pr127,DOW-UAP-PR127,"DOW-UAP-PR127, Unresolved UAP Report, Pacific Ocean, 2019",pursue-05,Department of War,video,2026-08-07,2019,2019,year,Pacific Ocean,Pacific Ocean,false,not_flagged,false,1017791,84200638,https://d34w7g4gy10iej.cloudfront.net/video/2608/DOD_111887384/DOD_111887384.mp4,,false,295,records/dow-uap-pr127.md,"This is one file in the U.S. Department of War PURSUE catalog, Release 05 (August 7, 2026). The agency on the row is Department of War. The catalog calls the file type VID. The incident date cell says ""2019"". The incident location cell says ""Pacific Ocean"". The catalog does not flag this row as redacted. That flag is only a yes or no. It does not say how much was removed, and this archive did not open the file to look.
The government's own description of the file is quoted in the next section. If that description and the date or place cells disagree, both are printed here and neither has been ""fixed."""
dow-uap-pr130,DOW-UAP-PR130,"DOW-UAP-PR130, Unresolved UAP Report, Iraq, 2022",pursue-06,Department of War,document,2026-09-18,2022,2022,year,Iraq,Iraq,true,flagged,false,,,,,false,296,records/dow-uap-pr130.md,"This is one file in the U.S. Department of War PURSUE catalog, Release 06 (September 18, 2026). The agency on the row is Department of War. The catalog calls the file type PDF. The incident date cell says ""2022"". The incident location cell says ""Iraq"". The catalog flags this row as redacted. That flag is only a yes or no. It does not say how much was removed, and this archive did not open the file to look.
The government's own description of the file is quoted in the next section. If that description and the date or place cells disagree, both are printed here and neither has been ""fixed."""
dow-uap-pr131,DOW-UAP-PR131,"DOW-UAP-PR131, Unresolved UAP Report, Iraq, 2022",pursue-06,Department of War,document,2026-09-18,2022,2022,year,Iraq,Iraq,true,flagged,false,,,,,false,297,records/dow-uap-pr131.md,"This is one file in the U.S. Department of War PURSUE catalog, Release 06 (September 18, 2026). The agency on the row is Department of War. The catalog calls the file type PDF. The incident date cell says ""2022"". The incident location cell says ""Iraq"". The catalog flags this row as redacted. That flag is only a yes or no. It does not say how much was removed, and this archive did not open the file to look.
The government's own description of the file is quoted in the next section. If that description and the date or place cells disagree, both are printed here and neither has been ""fixed."""
dow-uap-pr133,DOW-UAP-PR133,"DOW-UAP-PR133, Unresolved UAP Report, Middle East, 2025",pursue-06,Department of War,video,2026-09-18,2025,2025,year,Middle East,Middle East,true,flagged,false,1023396,80052070,https://d34w7g4gy10iej.cloudfront.net/video/2609/DOD_111985772/DOD_111985772.mp4,,false,298,records/dow-uap-pr133.md,"This is one file in the U.S. Department of War PURSUE catalog, Release 06 (September 18, 2026). The agency on the row is Department of War. The catalog calls the file type VID. The incident date cell says ""2025"". The incident location cell says ""Middle East"". The catalog flags this row as redacted. That flag is only a yes or no. It does not say how much was removed, and this archive did not open the file to look.
The government's own description of the file is quoted in the next section. If that description and the date or place cells disagree, both are printed here and neither has been ""fixed."""
dow-uap-pr134,DOW-UAP-PR134,"DOW-UAP-PR134, Unresolved UAP Report, Middle East, 2025",pursue-05,Department of War,video,2026-08-07,2025,2025,year,Middle East,Middle East,true,flagged,false,1017792,52521786,https://d34w7g4gy10iej.cloudfront.net/video/2608/DOD_111887390/DOD_111887390.mp4,,false,299,records/dow-uap-pr134.md,"This is one file in the U.S. Department of War PURSUE catalog, Release 05 (August 7, 2026). The agency on the row is Department of War. The catalog calls the file type VID. The incident date cell says ""2025"". The incident location cell says ""Middle East"". The catalog flags this row as redacted. That flag is only a yes or no. It does not say how much was removed, and this archive did not open the file to look.
The government's own description of the file is quoted in the next section. If that description and the date or place cells disagree, both are printed here and neither has been ""fixed."""
dow-uap-pr135,DOW-UAP-PR135,"DOW-UAP-PR135, Unresolved UAP Report, Middle East, 2025",pursue-06,Department of War,video,2026-09-18,2025,2025,year,Middle East,Middle East,true,flagged,false,1023397,22766393,https://d34w7g4gy10iej.cloudfront.net/video/2609/DOD_111985782/DOD_111985782.mp4,,false,300,records/dow-uap-pr135.md,"This is one file in the U.S. Department of War PURSUE catalog, Release 06 (September 18, 2026). The agency on the row is Department of War. The catalog calls the file type VID. The incident date cell says ""2025"". The incident location cell says ""Middle East"". The catalog flags this row as redacted. That flag is only a yes or no. It does not say how much was removed, and this archive did not open the file to look.
The government's own description of the file is quoted in the next section. If that description and the date or place cells disagree, both are printed here and neither has been ""fixed."""
dow-uap-pr136,DOW-UAP-PR136,"DOW-UAP-PR136, Unresolved UAP Report, Middle East, 2023",pursue-05,Department of War,video,2026-08-07,2023,2023,year,Middle East,Middle East,true,flagged,false,1017796,12254621,https://d34w7g4gy10iej.cloudfront.net/video/2608/DOD_111887413/DOD_111887413.mp4,,false,301,records/dow-uap-pr136.md,"This is one file in the U.S. Department of War PURSUE catalog, Release 05 (August 7, 2026). The agency on the row is Department of War. The catalog calls the file type VID. The incident date cell says ""2023"". The incident location cell says ""Middle East"". The catalog flags this row as redacted. That flag is only a yes or no. It does not say how much was removed, and this archive did not open the file to look.
The government's own description of the file is quoted in the next section. If that description and the date or place cells disagree, both are printed here and neither has been ""fixed."""
dow-uap-pr140,DOW-UAP-PR140,"DOW-UAP-PR140, Unresolved UAP Report, Middle East, 2022",pursue-06,Department of War,video,2026-09-18,,,unknown,,,true,flagged,false,1023398,64049840,https://d34w7g4gy10iej.cloudfront.net/video/2609/DOD_111985790/DOD_111985790.mp4,,false,302,records/dow-uap-pr140.md,"This is one file in the U.S. Department of War PURSUE catalog, Release 06 (September 18, 2026). The agency on the row is Department of War. The catalog calls the file type VID. The incident date cell says ""not given"". The incident location cell says ""not given"". The catalog flags this row as redacted. That flag is only a yes or no. It does not say how much was removed, and this archive did not open the file to look.
The government's own description of the file is quoted in the next section. If that description and the date or place cells disagree, both are printed here and neither has been ""fixed."""
dow-uap-pr141,DOW-UAP-PR141,"DOW-UAP-PR141, Unresolved UAP Report, Middle East, 2022",pursue-06,Department of War,video,2026-09-18,2022,2022,year,Middle East,Middle East,true,flagged,false,1023400,138511243,https://d34w7g4gy10iej.cloudfront.net/video/2609/DOD_111985798/DOD_111985798.mp4,,false,303,records/dow-uap-pr141.md,"This is one file in the U.S. Department of War PURSUE catalog, Release 06 (September 18, 2026). The agency on the row is Department of War. The catalog calls the file type VID. The incident date cell says ""2022"". The incident location cell says ""Middle East"". The catalog flags this row as redacted. That flag is only a yes or no. It does not say how much was removed, and this archive did not open the file to look.
The government's own description of the file is quoted in the next section. If that description and the date or place cells disagree, both are printed here and neither has been ""fixed."""
dow-uap-pr142,DOW-UAP-PR142,"DOW-UAP-PR142, Unresolved UAP Report, Middle East, 2025",pursue-05,Department of War,video,2026-08-07,2025,2025,year,Middle East,Middle East,true,flagged,false,1017797,11181518,https://d34w7g4gy10iej.cloudfront.net/video/2608/DOD_111887419/DOD_111887419.mp4,,false,304,records/dow-uap-pr142.md,"This is one file in the U.S. Department of War PURSUE catalog, Release 05 (August 7, 2026). The agency on the row is Department of War. The catalog calls the file type VID. The incident date cell says ""2025"". The incident location cell says ""Middle East"". The catalog flags this row as redacted. That flag is only a yes or no. It does not say how much was removed, and this archive did not open the file to look.
The government's own description of the file is quoted in the next section. If that description and the date or place cells disagree, both are printed here and neither has been ""fixed."""
dow-uap-pr143,DOW-UAP-PR143,"DOW-UAP-PR143, Unresolved UAP Report, Yellow Sea, 2023",pursue-06,Department of War,video,2026-09-18,2023,2023,year,Yellow Sea,Yellow Sea,true,flagged,false,1023403,24071535,https://d34w7g4gy10iej.cloudfront.net/video/2609/DOD_111985818/DOD_111985818.mp4,,false,305,records/dow-uap-pr143.md,"This is one file in the U.S. Department of War PURSUE catalog, Release 06 (September 18, 2026). The agency on the row is Department of War. The catalog calls the file type VID. The incident date cell says ""2023"". The incident location cell says ""Yellow Sea"". The catalog flags this row as redacted. That flag is only a yes or no. It does not say how much was removed, and this archive did not open the file to look.
The government's own description of the file is quoted in the next section. If that description and the date or place cells disagree, both are printed here and neither has been ""fixed."""
dow-uap-pr144,DOW-UAP-PR144,"DOW-UAP-PR144, Unresolved UAP Report, Yellow Sea, 2023",pursue-06,Department of War,video,2026-09-18,2023,2023,year,Yellow Sea,Yellow Sea,true,flagged,false,1023404,31383900,https://d34w7g4gy10iej.cloudfront.net/video/2609/DOD_111985820/DOD_111985820.mp4,,false,306,records/dow-uap-pr144.md,"This is one file in the U.S. Department of War PURSUE catalog, Release 06 (September 18, 2026). The agency on the row is Department of War. The catalog calls the file type VID. The incident date cell says ""2023"". The incident location cell says ""Yellow Sea"". The catalog flags this row as redacted. That flag is only a yes or no. It does not say how much was removed, and this archive did not open the file to look.
The government's own description of the file is quoted in the next section. If that description and the date or place cells disagree, both are printed here and neither has been ""fixed."""
dow-uap-pr148,DOW-UAP-PR148,"DOW-UAP-PR148, Unresolved UAP Report, East China Sea, 2023",pursue-06,Department of War,video,2026-09-18,2023,2023,year,East China Sea,East China Sea,true,flagged,false,1023405,71519688,https://d34w7g4gy10iej.cloudfront.net/video/2609/DOD_111985821/DOD_111985821.mp4,,false,307,records/dow-uap-pr148.md,"This is one file in the U.S. Department of War PURSUE catalog, Release 06 (September 18, 2026). The agency on the row is Department of War. The catalog calls the file type VID. The incident date cell says ""2023"". The incident location cell says ""East China Sea"". The catalog flags this row as redacted. That flag is only a yes or no. It does not say how much was removed, and this archive did not open the file to look.
The government's own description of the file is quoted in the next section. If that description and the date or place cells disagree, both are printed here and neither has been ""fixed."""
dow-uap-pr149,DOW-UAP-PR149,"DOW-UAP-PR149, Unresolved UAP Report, Middle East, 2023",pursue-05,Department of War,video,2026-08-07,2023,2023,year,Middle East,Middle East,true,flagged,false,1017799,55174849,https://d34w7g4gy10iej.cloudfront.net/video/2608/DOD_111887426/DOD_111887426.mp4,,false,308,records/dow-uap-pr149.md,"This is one file in the U.S. Department of War PURSUE catalog, Release 05 (August 7, 2026). The agency on the row is Department of War. The catalog calls the file type VID. The incident date cell says ""2023"". The incident location cell says ""Middle East"". The catalog flags this row as redacted. That flag is only a yes or no. It does not say how much was removed, and this archive did not open the file to look.
The government's own description of the file is quoted in the next section. If that description and the date or place cells disagree, both are printed here and neither has been ""fixed."""
dow-uap-pr150,DOW-UAP-PR150,"DOW-UAP-PR150, Unresolved UAP Report, Yellow Sea, 2023",pursue-06,Department of War,video,2026-09-18,2023,2023,year,Yellow Sea,Yellow Sea,true,flagged,false,1023406,3228077,https://d34w7g4gy10iej.cloudfront.net/video/2609/DOD_111985822/DOD_111985822.mp4,,false,309,records/dow-uap-pr150.md,"This is one file in the U.S. Department of War PURSUE catalog, Release 06 (September 18, 2026). The agency on the row is Department of War. The catalog calls the file type VID. The incident date cell says ""2023"". The incident location cell says ""Yellow Sea"". The catalog flags this row as redacted. That flag is only a yes or no. It does not say how much was removed, and this archive did not open the file to look.
The government's own description of the file is quoted in the next section. If that description and the date or place cells disagree, both are printed here and neither has been ""fixed."""
dow-uap-pr151,DOW-UAP-PR151,"DOW-UAP-PR151, Unresolved UAP Report, Yellow Sea, 2023",pursue-06,Department of War,video,2026-09-18,2023,2023,year,Yellow Sea,Yellow Sea,true,flagged,false,1023408,60826819,https://d34w7g4gy10iej.cloudfront.net/video/2609/DOD_111985832/DOD_111985832.mp4,,false,310,records/dow-uap-pr151.md,"This is one file in the U.S. Department of War PURSUE catalog, Release 06 (September 18, 2026). The agency on the row is Department of War. The catalog calls the file type VID. The incident date cell says ""2023"". The incident location cell says ""Yellow Sea"". The catalog flags this row as redacted. That flag is only a yes or no. It does not say how much was removed, and this archive did not open the file to look.
The government's own description of the file is quoted in the next section. If that description and the date or place cells disagree, both are printed here and neither has been ""fixed."""
dow-uap-pr152,DOW-UAP-PR152,"DOW-UAP-PR152, Unresolved UAP Report, Yellow Sea, 2023",pursue-06,Department of War,video,2026-09-18,2023,2023,year,Yellow Sea,Yellow Sea,true,flagged,false,1023410,20977587,https://d34w7g4gy10iej.cloudfront.net/video/2609/DOD_111985835/DOD_111985835.mp4,,false,311,records/dow-uap-pr152.md,"This is one file in the U.S. Department of War PURSUE catalog, Release 06 (September 18, 2026). The agency on the row is Department of War. The catalog calls the file type VID. The incident date cell says ""2023"". The incident location cell says ""Yellow Sea"". The catalog flags this row as redacted. That flag is only a yes or no. It does not say how much was removed, and this archive did not open the file to look.
The government's own description of the file is quoted in the next section. If that description and the date or place cells disagree, both are printed here and neither has been ""fixed."""
dow-uap-pr159,DOW-UAP-PR159,"DOW-UAP-PR159, Historical Film of Reported UFOs, Utah, 1952",pursue-06,Department of War,video,2026-09-18,1952-07-02,7/2/52,day,"Tremonton, Utah","Tremonton, Utah",false,not_flagged,true,1023402,79818409,https://d34w7g4gy10iej.cloudfront.net/video/2609/DOD_111985807/DOD_111985807.mp4,tremonton-1952,false,7,records/dow-uap-pr159.md,"This is one file in the U.S. Department of War PURSUE catalog, Release 06 (September 18, 2026). The agency on the row is Department of War. The catalog calls the file type VID. The incident date cell says ""7/2/52"". The incident location cell says ""Tremonton, Utah"". The catalog does not flag this row as redacted. That flag is only a yes or no. It does not say how much was removed, and this archive did not open the file to look.
The government's own description of the file is quoted in the next section. If that description and the date or place cells disagree, both are printed here and neither has been ""fixed."""
dow-uap-pr160,DOW-UAP-PR160,"DOW-UAP-PR160, Presentation by Captain Edward J. Ruppelt, 1952",pursue-06,Department of War,audio,2026-09-18,1952-03-26,3/26/52,day,"Boston, Massachusetts","Boston, Massachusetts",false,not_flagged,true,1023407,802522487,https://d34w7g4gy10iej.cloudfront.net/video/2609/DOD_111985823/DOD_111985823.mp4,,false,8,records/dow-uap-pr160.md,"This is one file in the U.S. Department of War PURSUE catalog, Release 06 (September 18, 2026). The agency on the row is Department of War. The catalog calls the file type AUD. The incident date cell says ""3/26/52"". The incident location cell says ""Boston, Massachusetts"". The catalog does not flag this row as redacted. That flag is only a yes or no. It does not say how much was removed, and this archive did not open the file to look.
The government's own description of the file is quoted in the next section. If that description and the date or place cells disagree, both are printed here and neither has been ""fixed."""
eop-uap-d001,EOP-UAP-D001,"EOP-UAP-D001, NASC Inquiry into Bahia, Brazil Incident, November 13, 1963",pursue-05,Executive Office of the President,document,2026-08-07,1963-11-13,11/13/63,day,"Bahia, Brazil","Bahia, Brazil",false,not_flagged,false,,,,,false,312,records/eop-uap-d001.md,"This is one file in the U.S. Department of War PURSUE catalog, Release 05 (August 7, 2026). The agency on the row is Executive Office of the President. The catalog calls the file type PDF. The incident date cell says ""11/13/63"". The incident location cell says ""Bahia, Brazil"". The catalog does not flag this row as redacted. That flag is only a yes or no. It does not say how much was removed, and this archive did not open the file to look.
The government's own description of the file is quoted in the next section. If that description and the date or place cells disagree, both are printed here and neither has been ""fixed."""
fbi-photo-a001,,FBI Photo A001,pursue-01,FBI,image,2026-05-08,Late 2025,Late 2025,approximate,,N/A,true,flagged,false,1006111,17266193,https://d34w7g4gy10iej.cloudfront.net/video/2605/DOD_111689168/DOD_111689168.mp4,western-us-test-range-orbs-2025,false,313,records/fbi-photo-a001.md,"This is one file in the U.S. Department of War PURSUE catalog, Release 01 (May 8, 2026). The agency on the row is FBI. The catalog calls the file type IMG. The incident date cell says ""Late 2025"". The incident location cell says ""N/A"". The catalog flags this row as redacted. That flag is only a yes or no. It does not say how much was removed, and this archive did not open the file to look.
The government's own description of the file is quoted in the next section. If that description and the date or place cells disagree, both are printed here and neither has been ""fixed."""
fbi-photo-a002,,FBI Photo A002,pursue-01,FBI,image,2026-05-08,Late 2025,Late 2025,approximate,,N/A,true,flagged,false,,,,western-us-test-range-orbs-2025,false,314,records/fbi-photo-a002.md,"This is one file in the U.S. Department of War PURSUE catalog, Release 01 (May 8, 2026). The agency on the row is FBI. The catalog calls the file type IMG. The incident date cell says ""Late 2025"". The incident location cell says ""N/A"". The catalog flags this row as redacted. That flag is only a yes or no. It does not say how much was removed, and this archive did not open the file to look.
The government's own description of the file is quoted in the next section. If that description and the date or place cells disagree, both are printed here and neither has been ""fixed."""
fbi-photo-a003,,FBI Photo A003,pursue-01,FBI,image,2026-05-08,Late 2025,Late 2025,approximate,,N/A,true,flagged,false,,,,western-us-test-range-orbs-2025,false,315,records/fbi-photo-a003.md,"This is one file in the U.S. Department of War PURSUE catalog, Release 01 (May 8, 2026). The agency on the row is FBI. The catalog calls the file type IMG. The incident date cell says ""Late 2025"". The incident location cell says ""N/A"". The catalog flags this row as redacted. That flag is only a yes or no. It does not say how much was removed, and this archive did not open the file to look.
The government's own description of the file is quoted in the next section. If that description and the date or place cells disagree, both are printed here and neither has been ""fixed."""
fbi-photo-a004,,FBI Photo A004,pursue-01,FBI,image,2026-05-08,Late 2025,Late 2025,approximate,,N/A,true,flagged,false,,,,western-us-test-range-orbs-2025,false,316,records/fbi-photo-a004.md,"This is one file in the U.S. Department of War PURSUE catalog, Release 01 (May 8, 2026). The agency on the row is FBI. The catalog calls the file type IMG. The incident date cell says ""Late 2025"". The incident location cell says ""N/A"". The catalog flags this row as redacted. That flag is only a yes or no. It does not say how much was removed, and this archive did not open the file to look.
The government's own description of the file is quoted in the next section. If that description and the date or place cells disagree, both are printed here and neither has been ""fixed."""
fbi-photo-a005,,FBI Photo A005,pursue-01,FBI,image,2026-05-08,Late 2025,Late 2025,approximate,,N/A,true,flagged,false,,,,western-us-test-range-orbs-2025,false,317,records/fbi-photo-a005.md,"This is one file in the U.S. Department of War PURSUE catalog, Release 01 (May 8, 2026). The agency on the row is FBI. The catalog calls the file type IMG. The incident date cell says ""Late 2025"". The incident location cell says ""N/A"". The catalog flags this row as redacted. That flag is only a yes or no. It does not say how much was removed, and this archive did not open the file to look.
The government's own description of the file is quoted in the next section. If that description and the date or place cells disagree, both are printed here and neither has been ""fixed."""
fbi-photo-a006,,FBI Photo A006,pursue-01,FBI,image,2026-05-08,Late 2025,Late 2025,approximate,,N/A,true,flagged,false,,,,western-us-test-range-orbs-2025,false,318,records/fbi-photo-a006.md,"This is one file in the U.S. Department of War PURSUE catalog, Release 01 (May 8, 2026). The agency on the row is FBI. The catalog calls the file type IMG. The incident date cell says ""Late 2025"". The incident location cell says ""N/A"". The catalog flags this row as redacted. That flag is only a yes or no. It does not say how much was removed, and this archive did not open the file to look.
The government's own description of the file is quoted in the next section. If that description and the date or place cells disagree, both are printed here and neither has been ""fixed."""
fbi-photo-a007,,FBI Photo A007,pursue-01,FBI,image,2026-05-08,Late 2025,Late 2025,approximate,,N/A,true,flagged,false,,,,western-us-test-range-orbs-2025,false,319,records/fbi-photo-a007.md,"This is one file in the U.S. Department of War PURSUE catalog, Release 01 (May 8, 2026). The agency on the row is FBI. The catalog calls the file type IMG. The incident date cell says ""Late 2025"". The incident location cell says ""N/A"". The catalog flags this row as redacted. That flag is only a yes or no. It does not say how much was removed, and this archive did not open the file to look.
The government's own description of the file is quoted in the next section. If that description and the date or place cells disagree, both are printed here and neither has been ""fixed."""
fbi-photo-a008,,FBI Photo A008,pursue-01,FBI,image,2026-05-08,Late 2025,Late 2025,approximate,,N/A,true,flagged,false,,,,western-us-test-range-orbs-2025,false,320,records/fbi-photo-a008.md,"This is one file in the U.S. Department of War PURSUE catalog, Release 01 (May 8, 2026). The agency on the row is FBI. The catalog calls the file type IMG. The incident date cell says ""Late 2025"". The incident location cell says ""N/A"". The catalog flags this row as redacted. That flag is only a yes or no. It does not say how much was removed, and this archive did not open the file to look.
The government's own description of the file is quoted in the next section. If that description and the date or place cells disagree, both are printed here and neither has been ""fixed."""
fbi-photo-b001,,FBI Photo B001,pursue-01,FBI,document,2026-05-08,Late 2025,Late 2025,approximate,Western United States,Western United States,true,flagged,false,,,,western-us-test-range-orbs-2025,false,321,records/fbi-photo-b001.md,"This is one file in the U.S. Department of War PURSUE catalog, Release 01 (May 8, 2026). The agency on the row is FBI. The catalog calls the file type PDF. The incident date cell says ""Late 2025"". The incident location cell says ""Western United States"". The catalog flags this row as redacted. That flag is only a yes or no. It does not say how much was removed, and this archive did not open the file to look.
The government's own description of the file is quoted in the next section. If that description and the date or place cells disagree, both are printed here and neither has been ""fixed."""
fbi-photo-b002,,FBI Photo B002,pursue-01,FBI,document,2026-05-08,Late 2025,Late 2025,approximate,Western United States,Western United States,true,flagged,false,,,,western-us-test-range-orbs-2025,false,322,records/fbi-photo-b002.md,"This is one file in the U.S. Department of War PURSUE catalog, Release 01 (May 8, 2026). The agency on the row is FBI. The catalog calls the file type PDF. The incident date cell says ""Late 2025"". The incident location cell says ""Western United States"". The catalog flags this row as redacted. That flag is only a yes or no. It does not say how much was removed, and this archive did not open the file to look.
The government's own description of the file is quoted in the next section. If that description and the date or place cells disagree, both are printed here and neither has been ""fixed."""
fbi-photo-b003,,FBI Photo B003,pursue-01,FBI,document,2026-05-08,Late 2025,Late 2025,approximate,Western United States,Western United States,true,flagged,false,,,,western-us-test-range-orbs-2025,false,323,records/fbi-photo-b003.md,"This is one file in the U.S. Department of War PURSUE catalog, Release 01 (May 8, 2026). The agency on the row is FBI. The catalog calls the file type PDF. The incident date cell says ""Late 2025"". The incident location cell says ""Western United States"". The catalog flags this row as redacted. That flag is only a yes or no. It does not say how much was removed, and this archive did not open the file to look.
The government's own description of the file is quoted in the next section. If that description and the date or place cells disagree, both are printed here and neither has been ""fixed."""
fbi-photo-b004,,FBI Photo B004,pursue-01,FBI,document,2026-05-08,Late 2025,Late 2025,approximate,Western United States,Western United States,true,flagged,false,,,,western-us-test-range-orbs-2025,false,324,records/fbi-photo-b004.md,"This is one file in the U.S. Department of War PURSUE catalog, Release 01 (May 8, 2026). The agency on the row is FBI. The catalog calls the file type PDF. The incident date cell says ""Late 2025"". The incident location cell says ""Western United States"". The catalog flags this row as redacted. That flag is only a yes or no. It does not say how much was removed, and this archive did not open the file to look.
The government's own description of the file is quoted in the next section. If that description and the date or place cells disagree, both are printed here and neither has been ""fixed."""
fbi-photo-b005,,FBI Photo B005,pursue-01,FBI,document,2026-05-08,Late 2025,Late 2025,approximate,Western United States,Western United States,true,flagged,false,,,,western-us-test-range-orbs-2025,false,325,records/fbi-photo-b005.md,"This is one file in the U.S. Department of War PURSUE catalog, Release 01 (May 8, 2026). The agency on the row is FBI. The catalog calls the file type PDF. The incident date cell says ""Late 2025"". The incident location cell says ""Western United States"". The catalog flags this row as redacted. That flag is only a yes or no. It does not say how much was removed, and this archive did not open the file to look.
The government's own description of the file is quoted in the next section. If that description and the date or place cells disagree, both are printed here and neither has been ""fixed."""
fbi-photo-b006,,FBI Photo B006,pursue-01,FBI,document,2026-05-08,Late 2025,Late 2025,approximate,Western United States,Western United States,true,flagged,false,,,,western-us-test-range-orbs-2025,false,326,records/fbi-photo-b006.md,"This is one file in the U.S. Department of War PURSUE catalog, Release 01 (May 8, 2026). The agency on the row is FBI. The catalog calls the file type PDF. The incident date cell says ""Late 2025"". The incident location cell says ""Western United States"". The catalog flags this row as redacted. That flag is only a yes or no. It does not say how much was removed, and this archive did not open the file to look.
The government's own description of the file is quoted in the next section. If that description and the date or place cells disagree, both are printed here and neither has been ""fixed."""
fbi-photo-b007,,FBI Photo B007,pursue-01,FBI,document,2026-05-08,Late 2025,Late 2025,approximate,Western United States,Western United States,true,flagged,false,,,,western-us-test-range-orbs-2025,false,327,records/fbi-photo-b007.md,"This is one file in the U.S. Department of War PURSUE catalog, Release 01 (May 8, 2026). The agency on the row is FBI. The catalog calls the file type PDF. The incident date cell says ""Late 2025"". The incident location cell says ""Western United States"". The catalog flags this row as redacted. That flag is only a yes or no. It does not say how much was removed, and this archive did not open the file to look.
The government's own description of the file is quoted in the next section. If that description and the date or place cells disagree, both are printed here and neither has been ""fixed."""
fbi-photo-b008,,FBI Photo B008,pursue-01,FBI,document,2026-05-08,Late 2025,Late 2025,approximate,Western United States,Western United States,true,flagged,false,,,,western-us-test-range-orbs-2025,false,328,records/fbi-photo-b008.md,"This is one file in the U.S. Department of War PURSUE catalog, Release 01 (May 8, 2026). The agency on the row is FBI. The catalog calls the file type PDF. The incident date cell says ""Late 2025"". The incident location cell says ""Western United States"". The catalog flags this row as redacted. That flag is only a yes or no. It does not say how much was removed, and this archive did not open the file to look.
The government's own description of the file is quoted in the next section. If that description and the date or place cells disagree, both are printed here and neither has been ""fixed."""
fbi-photo-b009,,FBI Photo B009,pursue-01,FBI,document,2026-05-08,Late 2025,Late 2025,approximate,Western United States,Western United States,true,flagged,false,,,,western-us-test-range-orbs-2025,false,329,records/fbi-photo-b009.md,"This is one file in the U.S. Department of War PURSUE catalog, Release 01 (May 8, 2026). The agency on the row is FBI. The catalog calls the file type PDF. The incident date cell says ""Late 2025"". The incident location cell says ""Western United States"". The catalog flags this row as redacted. That flag is only a yes or no. It does not say how much was removed, and this archive did not open the file to look.
The government's own description of the file is quoted in the next section. If that description and the date or place cells disagree, both are printed here and neither has been ""fixed."""
fbi-photo-b010,,FBI Photo B010,pursue-01,FBI,document,2026-05-08,Late 2025,Late 2025,approximate,Western United States,Western United States,true,flagged,false,,,,western-us-test-range-orbs-2025,false,330,records/fbi-photo-b010.md,"This is one file in the U.S. Department of War PURSUE catalog, Release 01 (May 8, 2026). The agency on the row is FBI. The catalog calls the file type PDF. The incident date cell says ""Late 2025"". The incident location cell says ""Western United States"". The catalog flags this row as redacted. That flag is only a yes or no. It does not say how much was removed, and this archive did not open the file to look.
The government's own description of the file is quoted in the next section. If that description and the date or place cells disagree, both are printed here and neither has been ""fixed."""
fbi-photo-b011,,FBI Photo B011,pursue-01,FBI,document,2026-05-08,Late 2025,Late 2025,approximate,Western United States,Western United States,true,flagged,false,,,,western-us-test-range-orbs-2025,false,331,records/fbi-photo-b011.md,"This is one file in the U.S. Department of War PURSUE catalog, Release 01 (May 8, 2026). The agency on the row is FBI. The catalog calls the file type PDF. The incident date cell says ""Late 2025"". The incident location cell says ""Western United States"". The catalog flags this row as redacted. That flag is only a yes or no. It does not say how much was removed, and this archive did not open the file to look.
The government's own description of the file is quoted in the next section. If that description and the date or place cells disagree, both are printed here and neither has been ""fixed."""
fbi-photo-b012,,FBI Photo B012,pursue-01,FBI,document,2026-05-08,Late 2025,Late 2025,approximate,Western United States,Western United States,true,flagged,false,,,,western-us-test-range-orbs-2025,false,332,records/fbi-photo-b012.md,"This is one file in the U.S. Department of War PURSUE catalog, Release 01 (May 8, 2026). The agency on the row is FBI. The catalog calls the file type PDF. The incident date cell says ""Late 2025"". The incident location cell says ""Western United States"". The catalog flags this row as redacted. That flag is only a yes or no. It does not say how much was removed, and this archive did not open the file to look.
The government's own description of the file is quoted in the next section. If that description and the date or place cells disagree, both are printed here and neither has been ""fixed."""
fbi-photo-b013,,FBI Photo B013,pursue-01,FBI,document,2026-05-08,Late 2025,Late 2025,approximate,Western United States,Western United States,true,flagged,false,,,,western-us-test-range-orbs-2025,false,333,records/fbi-photo-b013.md,"This is one file in the U.S. Department of War PURSUE catalog, Release 01 (May 8, 2026). The agency on the row is FBI. The catalog calls the file type PDF. The incident date cell says ""Late 2025"". The incident location cell says ""Western United States"". The catalog flags this row as redacted. That flag is only a yes or no. It does not say how much was removed, and this archive did not open the file to look.
The government's own description of the file is quoted in the next section. If that description and the date or place cells disagree, both are printed here and neither has been ""fixed."""
fbi-photo-b014,,FBI Photo B014,pursue-01,FBI,document,2026-05-08,Late 2025,Late 2025,approximate,Western United States,Western United States,true,flagged,false,,,,western-us-test-range-orbs-2025,false,334,records/fbi-photo-b014.md,"This is one file in the U.S. Department of War PURSUE catalog, Release 01 (May 8, 2026). The agency on the row is FBI. The catalog calls the file type PDF. The incident date cell says ""Late 2025"". The incident location cell says ""Western United States"". The catalog flags this row as redacted. That flag is only a yes or no. It does not say how much was removed, and this archive did not open the file to look.
The government's own description of the file is quoted in the next section. If that description and the date or place cells disagree, both are printed here and neither has been ""fixed."""
fbi-photo-b015,,FBI Photo B015,pursue-01,FBI,document,2026-05-08,Late 2025,Late 2025,approximate,Western United States,Western United States,true,flagged,false,,,,western-us-test-range-orbs-2025,false,335,records/fbi-photo-b015.md,"This is one file in the U.S. Department of War PURSUE catalog, Release 01 (May 8, 2026). The agency on the row is FBI. The catalog calls the file type PDF. The incident date cell says ""Late 2025"". The incident location cell says ""Western United States"". The catalog flags this row as redacted. That flag is only a yes or no. It does not say how much was removed, and this archive did not open the file to look.
The government's own description of the file is quoted in the next section. If that description and the date or place cells disagree, both are printed here and neither has been ""fixed."""
fbi-photo-b016,,FBI Photo B016,pursue-01,FBI,document,2026-05-08,Late 2025,Late 2025,approximate,Western United States,Western United States,true,flagged,false,,,,western-us-test-range-orbs-2025,false,336,records/fbi-photo-b016.md,"This is one file in the U.S. Department of War PURSUE catalog, Release 01 (May 8, 2026). The agency on the row is FBI. The catalog calls the file type PDF. The incident date cell says ""Late 2025"". The incident location cell says ""Western United States"". The catalog flags this row as redacted. That flag is only a yes or no. It does not say how much was removed, and this archive did not open the file to look.
The government's own description of the file is quoted in the next section. If that description and the date or place cells disagree, both are printed here and neither has been ""fixed."""
fbi-photo-b017,,FBI Photo B017,pursue-01,FBI,document,2026-05-08,Late 2025,Late 2025,approximate,Western United States,Western United States,true,flagged,false,,,,western-us-test-range-orbs-2025,false,337,records/fbi-photo-b017.md,"This is one file in the U.S. Department of War PURSUE catalog, Release 01 (May 8, 2026). The agency on the row is FBI. The catalog calls the file type PDF. The incident date cell says ""Late 2025"". The incident location cell says ""Western United States"". The catalog flags this row as redacted. That flag is only a yes or no. It does not say how much was removed, and this archive did not open the file to look.
The government's own description of the file is quoted in the next section. If that description and the date or place cells disagree, both are printed here and neither has been ""fixed."""
fbi-photo-b018,,FBI Photo B018,pursue-01,FBI,document,2026-05-08,Late 2025,Late 2025,approximate,Western United States,Western United States,true,flagged,false,,,,western-us-test-range-orbs-2025,false,338,records/fbi-photo-b018.md,"This is one file in the U.S. Department of War PURSUE catalog, Release 01 (May 8, 2026). The agency on the row is FBI. The catalog calls the file type PDF. The incident date cell says ""Late 2025"". The incident location cell says ""Western United States"". The catalog flags this row as redacted. That flag is only a yes or no. It does not say how much was removed, and this archive did not open the file to look.
The government's own description of the file is quoted in the next section. If that description and the date or place cells disagree, both are printed here and neither has been ""fixed."""
fbi-photo-b019,,FBI Photo B019,pursue-01,FBI,document,2026-05-08,Late 2025,Late 2025,approximate,Western United States,Western United States,true,flagged,false,,,,western-us-test-range-orbs-2025,false,339,records/fbi-photo-b019.md,"This is one file in the U.S. Department of War PURSUE catalog, Release 01 (May 8, 2026). The agency on the row is FBI. The catalog calls the file type PDF. The incident date cell says ""Late 2025"". The incident location cell says ""Western United States"". The catalog flags this row as redacted. That flag is only a yes or no. It does not say how much was removed, and this archive did not open the file to look.
The government's own description of the file is quoted in the next section. If that description and the date or place cells disagree, both are printed here and neither has been ""fixed."""
fbi-photo-b020,,FBI Photo B020,pursue-01,FBI,document,2026-05-08,Late 2025,Late 2025,approximate,Western United States,Western United States,true,flagged,false,,,,western-us-test-range-orbs-2025,false,340,records/fbi-photo-b020.md,"This is one file in the U.S. Department of War PURSUE catalog, Release 01 (May 8, 2026). The agency on the row is FBI. The catalog calls the file type PDF. The incident date cell says ""Late 2025"". The incident location cell says ""Western United States"". The catalog flags this row as redacted. That flag is only a yes or no. It does not say how much was removed, and this archive did not open the file to look.
The government's own description of the file is quoted in the next section. If that description and the date or place cells disagree, both are printed here and neither has been ""fixed."""
fbi-photo-b021,,FBI Photo B021,pursue-01,FBI,document,2026-05-08,Late 2025,Late 2025,approximate,Western United States,Western United States,true,flagged,false,,,,western-us-test-range-orbs-2025,false,341,records/fbi-photo-b021.md,"This is one file in the U.S. Department of War PURSUE catalog, Release 01 (May 8, 2026). The agency on the row is FBI. The catalog calls the file type PDF. The incident date cell says ""Late 2025"". The incident location cell says ""Western United States"". The catalog flags this row as redacted. That flag is only a yes or no. It does not say how much was removed, and this archive did not open the file to look.
The government's own description of the file is quoted in the next section. If that description and the date or place cells disagree, both are printed here and neither has been ""fixed."""
fbi-photo-b022,,FBI Photo B022,pursue-01,FBI,document,2026-05-08,Late 2025,Late 2025,approximate,Western United States,Western United States,true,flagged,false,,,,western-us-test-range-orbs-2025,false,342,records/fbi-photo-b022.md,"This is one file in the U.S. Department of War PURSUE catalog, Release 01 (May 8, 2026). The agency on the row is FBI. The catalog calls the file type PDF. The incident date cell says ""Late 2025"". The incident location cell says ""Western United States"". The catalog flags this row as redacted. That flag is only a yes or no. It does not say how much was removed, and this archive did not open the file to look.
The government's own description of the file is quoted in the next section. If that description and the date or place cells disagree, both are printed here and neither has been ""fixed."""
fbi-photo-b023,,FBI Photo B023,pursue-01,FBI,document,2026-05-08,Late 2025,Late 2025,approximate,Western United States,Western United States,true,flagged,false,,,,western-us-test-range-orbs-2025,false,343,records/fbi-photo-b023.md,"This is one file in the U.S. Department of War PURSUE catalog, Release 01 (May 8, 2026). The agency on the row is FBI. The catalog calls the file type PDF. The incident date cell says ""Late 2025"". The incident location cell says ""Western United States"". The catalog flags this row as redacted. That flag is only a yes or no. It does not say how much was removed, and this archive did not open the file to look.
The government's own description of the file is quoted in the next section. If that description and the date or place cells disagree, both are printed here and neither has been ""fixed."""
fbi-photo-b024,,FBI Photo B024,pursue-01,FBI,document,2026-05-08,Late 2025,Late 2025,approximate,Western United States,Western United States,true,flagged,false,,,,western-us-test-range-orbs-2025,false,344,records/fbi-photo-b024.md,"This is one file in the U.S. Department of War PURSUE catalog, Release 01 (May 8, 2026). The agency on the row is FBI. The catalog calls the file type PDF. The incident date cell says ""Late 2025"". The incident location cell says ""Western United States"". The catalog flags this row as redacted. That flag is only a yes or no. It does not say how much was removed, and this archive did not open the file to look.
The government's own description of the file is quoted in the next section. If that description and the date or place cells disagree, both are printed here and neither has been ""fixed."""
fbi-september-2023-sighting-composite-sketch,,FBI September 2023 Sighting - Composite Sketch,pursue-01,FBI,document,2026-05-08,2023-09-01,9/1/23,day,United States,United States,false,not_flagged,false,,,,,false,345,records/fbi-september-2023-sighting-composite-sketch.md,"This is one file in the U.S. Department of War PURSUE catalog, Release 01 (May 8, 2026). The agency on the row is FBI. The catalog calls the file type PDF. The incident date cell says ""9/1/23"". The incident location cell says ""United States"". The catalog does not flag this row as redacted. That flag is only a yes or no. It does not say how much was removed, and this archive did not open the file to look.
The government's own description of the file is quoted in the next section. If that description and the date or place cells disagree, both are printed here and neither has been ""fixed."""
fbi-september-2023-sighting-serial-003,,FBI September 2023 Sighting - Serial 003,pursue-01,FBI,document,2026-05-08,2023-09-01,9/1/23,day,United States,United States,true,flagged,false,,,,,false,346,records/fbi-september-2023-sighting-serial-003.md,"This is one file in the U.S. Department of War PURSUE catalog, Release 01 (May 8, 2026). The agency on the row is FBI. The catalog calls the file type PDF. The incident date cell says ""9/1/23"". The incident location cell says ""United States"". The catalog flags this row as redacted. That flag is only a yes or no. It does not say how much was removed, and this archive did not open the file to look.
The government's own description of the file is quoted in the next section. If that description and the date or place cells disagree, both are printed here and neither has been ""fixed."""
fbi-september-2023-sighting-serial-004,,FBI September 2023 Sighting - Serial 004,pursue-01,FBI,document,2026-05-08,2023-09-01,9/1/23,day,United States,United States,true,flagged,false,,,,,false,347,records/fbi-september-2023-sighting-serial-004.md,"This is one file in the U.S. Department of War PURSUE catalog, Release 01 (May 8, 2026). The agency on the row is FBI. The catalog calls the file type PDF. The incident date cell says ""9/1/23"". The incident location cell says ""United States"". The catalog flags this row as redacted. That flag is only a yes or no. It does not say how much was removed, and this archive did not open the file to look.
The government's own description of the file is quoted in the next section. If that description and the date or place cells disagree, both are printed here and neither has been ""fixed."""
fbi-september-2023-sighting-serial-005,,FBI September 2023 Sighting - Serial 005,pursue-01,FBI,document,2026-05-08,2023-09-01,9/1/23,day,United States,United States,true,flagged,false,,,,,false,348,records/fbi-september-2023-sighting-serial-005.md,"This is one file in the U.S. Department of War PURSUE catalog, Release 01 (May 8, 2026). The agency on the row is FBI. The catalog calls the file type PDF. The incident date cell says ""9/1/23"". The incident location cell says ""United States"". The catalog flags this row as redacted. That flag is only a yes or no. It does not say how much was removed, and this archive did not open the file to look.
The government's own description of the file is quoted in the next section. If that description and the date or place cells disagree, both are printed here and neither has been ""fixed."""
fbi-uap-d001,FBI-UAP-D001,"FBI-UAP-D001, FD-302, Unresolved UAP Report, Colorado Springs, 2022",pursue-03,FBI,document,2026-06-12,2022-02,"February, 2022",month,"Colorado Springs, Colorado, U.S.","Colorado Springs, Colorado, U.S.",true,flagged,false,,,,,false,349,records/fbi-uap-d001.md,"This is one file in the U.S. Department of War PURSUE catalog, Release 03 (June 12, 2026). The agency on the row is FBI. The catalog calls the file type PDF. The incident date cell says ""February, 2022"". The incident location cell says ""Colorado Springs, Colorado, U.S."". The catalog flags this row as redacted. That flag is only a yes or no. It does not say how much was removed, and this archive did not open the file to look.
The government's own description of the file is quoted in the next section. If that description and the date or place cells disagree, both are printed here and neither has been ""fixed."""
fbi-uap-d002,FBI-UAP-D002,"FBI-UAP-D002, FD-1057, Unresolved UAP Report, Colorado Springs, 2022",pursue-03,FBI,document,2026-06-12,2022,2022,year,"Colorado Springs, Colorado, U.S.","Colorado Springs, Colorado, U.S.",true,flagged,false,,,,,false,350,records/fbi-uap-d002.md,"This is one file in the U.S. Department of War PURSUE catalog, Release 03 (June 12, 2026). The agency on the row is FBI. The catalog calls the file type PDF. The incident date cell says ""2022"". The incident location cell says ""Colorado Springs, Colorado, U.S."". The catalog flags this row as redacted. That flag is only a yes or no. It does not say how much was removed, and this archive did not open the file to look.
The government's own description of the file is quoted in the next section. If that description and the date or place cells disagree, both are printed here and neither has been ""fixed."""
fbi-uap-d003,FBI-UAP-D003,"FBI-UAP-D003, Digital Rendering, Unresolved UAP Report, Colorado Springs, 2022",pursue-03,FBI,document,2026-06-12,2022,2022,year,"Colorado Springs, Colorado, U.S.","Colorado Springs, Colorado, U.S.",false,not_flagged,false,,,,,false,351,records/fbi-uap-d003.md,"This is one file in the U.S. Department of War PURSUE catalog, Release 03 (June 12, 2026). The agency on the row is FBI. The catalog calls the file type PDF. The incident date cell says ""2022"". The incident location cell says ""Colorado Springs, Colorado, U.S."". The catalog does not flag this row as redacted. That flag is only a yes or no. It does not say how much was removed, and this archive did not open the file to look.
The government's own description of the file is quoted in the next section. If that description and the date or place cells disagree, both are printed here and neither has been ""fixed."""
fbi-uap-d004,FBI-UAP-D004,"FBI-UAP-D004, FD-1057-02, Northeastern United States, 2024",pursue-03,FBI,document,2026-06-12,2024-10,"October, 2024",month,Northeastern United States,Northeastern United States,true,flagged,false,,,,,false,352,records/fbi-uap-d004.md,"This is one file in the U.S. Department of War PURSUE catalog, Release 03 (June 12, 2026). The agency on the row is FBI. The catalog calls the file type PDF. The incident date cell says ""October, 2024"". The incident location cell says ""Northeastern United States"". The catalog flags this row as redacted. That flag is only a yes or no. It does not say how much was removed, and this archive did not open the file to look.
The government's own description of the file is quoted in the next section. If that description and the date or place cells disagree, both are printed here and neither has been ""fixed."""
fbi-uap-d005,FBI-UAP-D005,"FBI-UAP-D005, FD-1057-04, Northeastern United States, 2024",pursue-03,FBI,document,2026-06-12,2024-10,"October, 2024",month,Northeastern United States,Northeastern United States,true,flagged,false,,,,,false,353,records/fbi-uap-d005.md,"This is one file in the U.S. Department of War PURSUE catalog, Release 03 (June 12, 2026). The agency on the row is FBI. The catalog calls the file type PDF. The incident date cell says ""October, 2024"". The incident location cell says ""Northeastern United States"". The catalog flags this row as redacted. That flag is only a yes or no. It does not say how much was removed, and this archive did not open the file to look.
The government's own description of the file is quoted in the next section. If that description and the date or place cells disagree, both are printed here and neither has been ""fixed."""
fbi-uap-d006,FBI-UAP-D006,"FBI-UAP-D006, FD-1057-05, Northeastern United States, 2024",pursue-03,FBI,document,2026-06-12,2024-11,"November, 2024",month,Northeastern United States,Northeastern United States,true,flagged,false,,,,,false,354,records/fbi-uap-d006.md,"This is one file in the U.S. Department of War PURSUE catalog, Release 03 (June 12, 2026). The agency on the row is FBI. The catalog calls the file type PDF. The incident date cell says ""November, 2024"". The incident location cell says ""Northeastern United States"". The catalog flags this row as redacted. That flag is only a yes or no. It does not say how much was removed, and this archive did not open the file to look.
The government's own description of the file is quoted in the next section. If that description and the date or place cells disagree, both are printed here and neither has been ""fixed."""
fbi-uap-d007,FBI-UAP-D007,"FBI-UAP-D007, FD-1057-06, Northeastern United States, 2024",pursue-03,FBI,document,2026-06-12,2024-11,"November, 2024",month,Northeastern United States,Northeastern United States,true,flagged,false,,,,,false,355,records/fbi-uap-d007.md,"This is one file in the U.S. Department of War PURSUE catalog, Release 03 (June 12, 2026). The agency on the row is FBI. The catalog calls the file type PDF. The incident date cell says ""November, 2024"". The incident location cell says ""Northeastern United States"". The catalog flags this row as redacted. That flag is only a yes or no. It does not say how much was removed, and this archive did not open the file to look.
The government's own description of the file is quoted in the next section. If that description and the date or place cells disagree, both are printed here and neither has been ""fixed."""
fbi-uap-d008,FBI-UAP-D008,"FBI-UAP-D008, FD-1057-07, Northeastern United States, 2024",pursue-03,FBI,document,2026-06-12,2024-12,"December, 2024",month,Northeastern United States,Northeastern United States,true,flagged,false,,,,,false,356,records/fbi-uap-d008.md,"This is one file in the U.S. Department of War PURSUE catalog, Release 03 (June 12, 2026). The agency on the row is FBI. The catalog calls the file type PDF. The incident date cell says ""December, 2024"". The incident location cell says ""Northeastern United States"". The catalog flags this row as redacted. That flag is only a yes or no. It does not say how much was removed, and this archive did not open the file to look.
The government's own description of the file is quoted in the next section. If that description and the date or place cells disagree, both are printed here and neither has been ""fixed."""
fbi-uap-d009,FBI-UAP-D009,"FBI-UAP-D009, FD-302-67, “Northeastern Orb Sighting,” 2026",pursue-03,FBI,document,2026-06-12,2026,2026,year,Northeastern United States,Northeastern United States,true,flagged,false,,,,,false,357,records/fbi-uap-d009.md,"This is one file in the U.S. Department of War PURSUE catalog, Release 03 (June 12, 2026). The agency on the row is FBI. The catalog calls the file type PDF. The incident date cell says ""2026"". The incident location cell says ""Northeastern United States"". The catalog flags this row as redacted. That flag is only a yes or no. It does not say how much was removed, and this archive did not open the file to look.
The government's own description of the file is quoted in the next section. If that description and the date or place cells disagree, both are printed here and neither has been ""fixed."""
fbi-uap-d010,FBI-UAP-D010,"FBI-UAP-D010, FD-302-71, “Northeastern Orb Sighting,” 2026",pursue-03,FBI,document,2026-06-12,2026,2026,year,Northeastern United States,Northeastern United States,true,flagged,false,,,,,false,358,records/fbi-uap-d010.md,"This is one file in the U.S. Department of War PURSUE catalog, Release 03 (June 12, 2026). The agency on the row is FBI. The catalog calls the file type PDF. The incident date cell says ""2026"". The incident location cell says ""Northeastern United States"". The catalog flags this row as redacted. That flag is only a yes or no. It does not say how much was removed, and this archive did not open the file to look.
The government's own description of the file is quoted in the next section. If that description and the date or place cells disagree, both are printed here and neither has been ""fixed."""
fbi-uap-d011,FBI-UAP-D011,"FBI-UAP-D011, D/FBI Correspondence Referral, 1949",pursue-03,FBI,document,2026-06-12,1949,1949,year,,,false,not_flagged,false,,,,,false,359,records/fbi-uap-d011.md,"This is one file in the U.S. Department of War PURSUE catalog, Release 03 (June 12, 2026). The agency on the row is FBI. The catalog calls the file type PDF. The incident date cell says ""1949"". The incident location cell says ""not given"". The catalog does not flag this row as redacted. That flag is only a yes or no. It does not say how much was removed, and this archive did not open the file to look.
The government's own description of the file is quoted in the next section. If that description and the date or place cells disagree, both are printed here and neither has been ""fixed."""
fbi-uap-d012,FBI-UAP-D012,"FBI-UAP-D012, Newark Field Office, 1952-1967",pursue-03,FBI,document,2026-06-12,,August 1952-1967,unknown,"New Jersey, United States","New Jersey, United States",false,not_flagged,false,,,,,false,360,records/fbi-uap-d012.md,"This is one file in the U.S. Department of War PURSUE catalog, Release 03 (June 12, 2026). The agency on the row is FBI. The catalog calls the file type PDF. The incident date cell says ""August 1952-1967"". The incident location cell says ""New Jersey, United States"". The catalog does not flag this row as redacted. That flag is only a yes or no. It does not say how much was removed, and this archive did not open the file to look.
The government's own description of the file is quoted in the next section. If that description and the date or place cells disagree, both are printed here and neither has been ""fixed."""
fbi-uap-d013,FBI-UAP-D013,"FBI-UAP-D013, Washington State ‘UFO’ Investigation, 1952-1960",pursue-03,FBI,document,2026-06-12,,July 1952-1960,unknown,"Washington State, United States","Washington State, United States",false,not_flagged,false,,,,,false,361,records/fbi-uap-d013.md,"This is one file in the U.S. Department of War PURSUE catalog, Release 03 (June 12, 2026). The agency on the row is FBI. The catalog calls the file type PDF. The incident date cell says ""July 1952-1960"". The incident location cell says ""Washington State, United States"". The catalog does not flag this row as redacted. That flag is only a yes or no. It does not say how much was removed, and this archive did not open the file to look.
The government's own description of the file is quoted in the next section. If that description and the date or place cells disagree, both are printed here and neither has been ""fixed."""
fbi-uap-d014-correspondence,FBI-UAP-D014,"FBI-UAP-D014, Correspondence Relating to UFO Sightings, 1967, 1974",pursue-04,FBI,document,2026-07-10,1974-10-10,10/10/74,day,Various,Various,false,not_flagged,false,,,,,false,362,records/fbi-uap-d014-correspondence.md,"This is one file in the U.S. Department of War PURSUE catalog, Release 04 (July 10, 2026). The agency on the row is FBI. The catalog calls the file type PDF. The incident date cell says ""10/10/74"". The incident location cell says ""Various"". The catalog does not flag this row as redacted. That flag is only a yes or no. It does not say how much was removed, and this archive did not open the file to look.
The government's own description of the file is quoted in the next section. If that description and the date or place cells disagree, both are printed here and neither has been ""fixed."""
fbi-uap-d014-western-us-event-rendering,FBI-UAP-D014,"FBI-UAP-D014, Digital Rendering, Narrative Statement 1-1, Western United States Event, 2023",pursue-03,FBI,image,2026-06-12,2023-10,"October, 2023",month,Westen United States,Westen United States,false,not_flagged,false,,,,western-us-event-2023,false,363,records/fbi-uap-d014-western-us-event-rendering.md,"This is one file in the U.S. Department of War PURSUE catalog, Release 03 (June 12, 2026). The agency on the row is FBI. The catalog calls the file type IMG. The incident date cell says ""October, 2023"". The incident location cell says ""Westen United States"". The catalog does not flag this row as redacted. That flag is only a yes or no. It does not say how much was removed, and this archive did not open the file to look.
The government's own description of the file is quoted in the next section. If that description and the date or place cells disagree, both are printed here and neither has been ""fixed."""
fbi-uap-d015,FBI-UAP-D015,"FBI-UAP-D015, Digital Rendering, Narrative Statement 1-2, Western United States Event, 2023",pursue-03,FBI,image,2026-06-12,2023-10,"October, 2023",month,Western United States,Western United States,false,not_flagged,false,,,,western-us-event-2023,false,364,records/fbi-uap-d015.md,"This is one file in the U.S. Department of War PURSUE catalog, Release 03 (June 12, 2026). The agency on the row is FBI. The catalog calls the file type IMG. The incident date cell says ""October, 2023"". The incident location cell says ""Western United States"". The catalog does not flag this row as redacted. That flag is only a yes or no. It does not say how much was removed, and this archive did not open the file to look.
The government's own description of the file is quoted in the next section. If that description and the date or place cells disagree, both are printed here and neither has been ""fixed."""
fbi-uap-d016,FBI-UAP-D016,"FBI-UAP-D016, Digital Rendering, Narrative Statement 2-1, Western United States Event, 2023",pursue-03,FBI,image,2026-06-12,2023-10,"October, 2023",month,Western United States,Western United States,false,not_flagged,false,,,,western-us-event-2023,false,365,records/fbi-uap-d016.md,"This is one file in the U.S. Department of War PURSUE catalog, Release 03 (June 12, 2026). The agency on the row is FBI. The catalog calls the file type IMG. The incident date cell says ""October, 2023"". The incident location cell says ""Western United States"". The catalog does not flag this row as redacted. That flag is only a yes or no. It does not say how much was removed, and this archive did not open the file to look.
The government's own description of the file is quoted in the next section. If that description and the date or place cells disagree, both are printed here and neither has been ""fixed."""
fbi-uap-d017,FBI-UAP-D017,"FBI-UAP-D017, Digital Rendering, Narrative Statement 2-2, Western United States Event, 2023",pursue-03,FBI,image,2026-06-12,2023-10,"October, 2023",month,Western United States,Western United States,false,not_flagged,false,,,,western-us-event-2023,false,366,records/fbi-uap-d017.md,"This is one file in the U.S. Department of War PURSUE catalog, Release 03 (June 12, 2026). The agency on the row is FBI. The catalog calls the file type IMG. The incident date cell says ""October, 2023"". The incident location cell says ""Western United States"". The catalog does not flag this row as redacted. That flag is only a yes or no. It does not say how much was removed, and this archive did not open the file to look.
The government's own description of the file is quoted in the next section. If that description and the date or place cells disagree, both are printed here and neither has been ""fixed."""
fbi-uap-d018,FBI-UAP-D018,"FBI-UAP-D018, Digital Rendering, Narrative Statement 2-3, Western United States Event, 2023",pursue-03,FBI,image,2026-06-12,2023-10,"October, 2023",month,Western United States,Western United States,false,not_flagged,false,,,,western-us-event-2023,false,367,records/fbi-uap-d018.md,"This is one file in the U.S. Department of War PURSUE catalog, Release 03 (June 12, 2026). The agency on the row is FBI. The catalog calls the file type IMG. The incident date cell says ""October, 2023"". The incident location cell says ""Western United States"". The catalog does not flag this row as redacted. That flag is only a yes or no. It does not say how much was removed, and this archive did not open the file to look.
The government's own description of the file is quoted in the next section. If that description and the date or place cells disagree, both are printed here and neither has been ""fixed."""
fbi-uap-d019,FBI-UAP-D019,"FBI-UAP-D019, Digital Rendering, Narrative Statement 2-4, Western United States Event, 2023",pursue-03,FBI,image,2026-06-12,2023-10,"October, 2023",month,Western United States,Western United States,false,not_flagged,false,,,,western-us-event-2023,false,368,records/fbi-uap-d019.md,"This is one file in the U.S. Department of War PURSUE catalog, Release 03 (June 12, 2026). The agency on the row is FBI. The catalog calls the file type IMG. The incident date cell says ""October, 2023"". The incident location cell says ""Western United States"". The catalog does not flag this row as redacted. That flag is only a yes or no. It does not say how much was removed, and this archive did not open the file to look.
The government's own description of the file is quoted in the next section. If that description and the date or place cells disagree, both are printed here and neither has been ""fixed."""
fbi-uap-d020,FBI-UAP-D020,"FBI-UAP-D020, Digital Rendering, Narrative Statement 2-5, Western United States Event, 2023",pursue-03,FBI,image,2026-06-12,2023-10,"October, 2023",month,Western United States,Western United States,false,not_flagged,false,,,,western-us-event-2023,false,369,records/fbi-uap-d020.md,"This is one file in the U.S. Department of War PURSUE catalog, Release 03 (June 12, 2026). The agency on the row is FBI. The catalog calls the file type IMG. The incident date cell says ""October, 2023"". The incident location cell says ""Western United States"". The catalog does not flag this row as redacted. That flag is only a yes or no. It does not say how much was removed, and this archive did not open the file to look.
The government's own description of the file is quoted in the next section. If that description and the date or place cells disagree, both are printed here and neither has been ""fixed."""
fbi-uap-d021,FBI-UAP-D021,"FBI-UAP-D021, Digital Rendering, Narrative Statement 1-3, Western United States Event, 2023",pursue-03,FBI,image,2026-06-12,2023-10,"October, 2023",month,Western United States,Western United States,false,not_flagged,false,,,,western-us-event-2023,false,370,records/fbi-uap-d021.md,"This is one file in the U.S. Department of War PURSUE catalog, Release 03 (June 12, 2026). The agency on the row is FBI. The catalog calls the file type IMG. The incident date cell says ""October, 2023"". The incident location cell says ""Western United States"". The catalog does not flag this row as redacted. That flag is only a yes or no. It does not say how much was removed, and this archive did not open the file to look.
The government's own description of the file is quoted in the next section. If that description and the date or place cells disagree, both are printed here and neither has been ""fixed."""
fbi-uap-d022,FBI-UAP-D022,"FBI-UAP-D022, Digital Rendering, Narrative Statement 2-6, Western United States Event, 2026",pursue-03,FBI,image,2026-06-12,2023-10,"October, 2023",month,Western United States,Western United States,false,not_flagged,false,,,,western-us-event-2023,false,371,records/fbi-uap-d022.md,"This is one file in the U.S. Department of War PURSUE catalog, Release 03 (June 12, 2026). The agency on the row is FBI. The catalog calls the file type IMG. The incident date cell says ""October, 2023"". The incident location cell says ""Western United States"". The catalog does not flag this row as redacted. That flag is only a yes or no. It does not say how much was removed, and this archive did not open the file to look.
The government's own description of the file is quoted in the next section. If that description and the date or place cells disagree, both are printed here and neither has been ""fixed."""
fbi-uap-d023,FBI-UAP-D023,"FBI-UAP-D023, Digital Rendering, Narrative Statement 2-7, Western United States Event, 2023",pursue-03,FBI,image,2026-06-12,2023-10,"October, 2023",month,Western United States,Western United States,false,not_flagged,false,,,,western-us-event-2023,false,372,records/fbi-uap-d023.md,"This is one file in the U.S. Department of War PURSUE catalog, Release 03 (June 12, 2026). The agency on the row is FBI. The catalog calls the file type IMG. The incident date cell says ""October, 2023"". The incident location cell says ""Western United States"". The catalog does not flag this row as redacted. That flag is only a yes or no. It does not say how much was removed, and this archive did not open the file to look.
The government's own description of the file is quoted in the next section. If that description and the date or place cells disagree, both are printed here and neither has been ""fixed."""
fbi-uap-d024,FBI-UAP-D024,"FBI-UAP-D024, FD-302, “Airborne Lights and Triangle,” 2002, 2023-2024",pursue-05,FBI,document,2026-08-07,,"2002, 2023-2024",unknown,Northeastern U.S.; Afghanistan,Northeastern U.S.; Afghanistan,true,flagged,false,,,,,false,373,records/fbi-uap-d024.md,"This is one file in the U.S. Department of War PURSUE catalog, Release 05 (August 7, 2026). The agency on the row is FBI. The catalog calls the file type PDF. The incident date cell says ""2002, 2023-2024"". The incident location cell says ""Northeastern U.S.; Afghanistan"". The catalog flags this row as redacted. That flag is only a yes or no. It does not say how much was removed, and this archive did not open the file to look.
The government's own description of the file is quoted in the next section. If that description and the date or place cells disagree, both are printed here and neither has been ""fixed."""
fbi-uap-d025,FBI-UAP-D025,"FBI-UAP-D025, Digital Rendering, “Airborne Triangle,” 2002",pursue-05,FBI,image,2026-08-07,2002,2002,year,Afghanistan,Afghanistan,false,not_flagged,false,,,,,false,374,records/fbi-uap-d025.md,"This is one file in the U.S. Department of War PURSUE catalog, Release 05 (August 7, 2026). The agency on the row is FBI. The catalog calls the file type IMG. The incident date cell says ""2002"". The incident location cell says ""Afghanistan"". The catalog does not flag this row as redacted. That flag is only a yes or no. It does not say how much was removed, and this archive did not open the file to look.
The government's own description of the file is quoted in the next section. If that description and the date or place cells disagree, both are printed here and neither has been ""fixed."""
fbi-uap-d026,FBI-UAP-D026,"FBI-UAP-D026, FD-302, “Dark Translucent Triangle,” 2023",pursue-05,FBI,document,2026-08-07,2023,2023,year,"Colorado Springs, Colorado","Colorado Springs, Colorado",true,flagged,false,,,,,false,375,records/fbi-uap-d026.md,"This is one file in the U.S. Department of War PURSUE catalog, Release 05 (August 7, 2026). The agency on the row is FBI. The catalog calls the file type PDF. The incident date cell says ""2023"". The incident location cell says ""Colorado Springs, Colorado"". The catalog flags this row as redacted. That flag is only a yes or no. It does not say how much was removed, and this archive did not open the file to look.
The government's own description of the file is quoted in the next section. If that description and the date or place cells disagree, both are printed here and neither has been ""fixed."""
fbi-uap-d027,FBI-UAP-D027,"FBI-UAP-D027, Digital Rendering, “Dark Translucent Triangle,” 2023",pursue-05,FBI,document,2026-08-07,2023,2023,year,"Colorado Springs, Colorado","Colorado Springs, Colorado",false,not_flagged,false,,,,,false,376,records/fbi-uap-d027.md,"This is one file in the U.S. Department of War PURSUE catalog, Release 05 (August 7, 2026). The agency on the row is FBI. The catalog calls the file type PDF. The incident date cell says ""2023"". The incident location cell says ""Colorado Springs, Colorado"". The catalog does not flag this row as redacted. That flag is only a yes or no. It does not say how much was removed, and this archive did not open the file to look.
The government's own description of the file is quoted in the next section. If that description and the date or place cells disagree, both are printed here and neither has been ""fixed."""
fbi-uap-d028,FBI-UAP-D028,"FBI-UAP-D028, FD-302, “Dark Triangle with Lights,” 2011",pursue-05,FBI,document,2026-08-07,2011,2011,year,,,true,flagged,false,,,,,false,377,records/fbi-uap-d028.md,"This is one file in the U.S. Department of War PURSUE catalog, Release 05 (August 7, 2026). The agency on the row is FBI. The catalog calls the file type PDF. The incident date cell says ""2011"". The incident location cell says ""not given"". The catalog flags this row as redacted. That flag is only a yes or no. It does not say how much was removed, and this archive did not open the file to look.
The government's own description of the file is quoted in the next section. If that description and the date or place cells disagree, both are printed here and neither has been ""fixed."""
fbi-uap-d029,FBI-UAP-D029,"FBI-UAP-D029, Digital Rendering, “Dark Triangle with Lights,” 2011",pursue-05,FBI,image,2026-08-07,2011,2011,year,,,false,not_flagged,false,,,,,false,378,records/fbi-uap-d029.md,"This is one file in the U.S. Department of War PURSUE catalog, Release 05 (August 7, 2026). The agency on the row is FBI. The catalog calls the file type IMG. The incident date cell says ""2011"". The incident location cell says ""not given"". The catalog does not flag this row as redacted. That flag is only a yes or no. It does not say how much was removed, and this archive did not open the file to look.
The government's own description of the file is quoted in the next section. If that description and the date or place cells disagree, both are printed here and neither has been ""fixed."""
fbi-uap-d030,FBI-UAP-D030,"FBI-UAP-D030, FD-302, “Large Triangle with Red Lights,” 2023",pursue-05,FBI,document,2026-08-07,2023,2023,year,"Colorado Springs, Colorado","Colorado Springs, Colorado",true,flagged,false,,,,,false,379,records/fbi-uap-d030.md,"This is one file in the U.S. Department of War PURSUE catalog, Release 05 (August 7, 2026). The agency on the row is FBI. The catalog calls the file type PDF. The incident date cell says ""2023"". The incident location cell says ""Colorado Springs, Colorado"". The catalog flags this row as redacted. That flag is only a yes or no. It does not say how much was removed, and this archive did not open the file to look.
The government's own description of the file is quoted in the next section. If that description and the date or place cells disagree, both are printed here and neither has been ""fixed."""
fbi-uap-d031,FBI-UAP-D031,"FBI-UAP-D031, Digital Rendering, “Large Triangle with Red Lights,” 2023",pursue-05,FBI,image,2026-08-07,2023,2023,year,"Colorado Springs, Colorado","Colorado Springs, Colorado",false,not_flagged,false,,,,,false,380,records/fbi-uap-d031.md,"This is one file in the U.S. Department of War PURSUE catalog, Release 05 (August 7, 2026). The agency on the row is FBI. The catalog calls the file type IMG. The incident date cell says ""2023"". The incident location cell says ""Colorado Springs, Colorado"". The catalog does not flag this row as redacted. That flag is only a yes or no. It does not say how much was removed, and this archive did not open the file to look.
The government's own description of the file is quoted in the next section. If that description and the date or place cells disagree, both are printed here and neither has been ""fixed."""
fbi-uap-d032,FBI-UAP-D032,"FBI-UAP-D032, FD-302, “Slow-moving Objects,” 2026",pursue-05,FBI,document,2026-08-07,2026,2026,year,Western United States,Western United States,true,flagged,false,,,,,false,381,records/fbi-uap-d032.md,"This is one file in the U.S. Department of War PURSUE catalog, Release 05 (August 7, 2026). The agency on the row is FBI. The catalog calls the file type PDF. The incident date cell says ""2026"". The incident location cell says ""Western United States"". The catalog flags this row as redacted. That flag is only a yes or no. It does not say how much was removed, and this archive did not open the file to look.
The government's own description of the file is quoted in the next section. If that description and the date or place cells disagree, both are printed here and neither has been ""fixed."""
fbi-uap-d033,FBI-UAP-D033,"FBI-UAP-D033, FD-302, “Thermally Elevated Aerial Object,” 2026",pursue-05,FBI,document,2026-08-07,2026,2026,year,Western United States,Western United States,true,flagged,false,,,,,false,382,records/fbi-uap-d033.md,"This is one file in the U.S. Department of War PURSUE catalog, Release 05 (August 7, 2026). The agency on the row is FBI. The catalog calls the file type PDF. The incident date cell says ""2026"". The incident location cell says ""Western United States"". The catalog flags this row as redacted. That flag is only a yes or no. It does not say how much was removed, and this archive did not open the file to look.
The government's own description of the file is quoted in the next section. If that description and the date or place cells disagree, both are printed here and neither has been ""fixed."""
fbi-uap-d037,FBI-UAP-D037,"FBI-UAP-D037, FD-302, “Multiple Red Lights,” 2026",pursue-05,FBI,document,2026-08-07,2026,2026,year,Western United States,Western United States,true,flagged,false,,,,,false,383,records/fbi-uap-d037.md,"This is one file in the U.S. Department of War PURSUE catalog, Release 05 (August 7, 2026). The agency on the row is FBI. The catalog calls the file type PDF. The incident date cell says ""2026"". The incident location cell says ""Western United States"". The catalog flags this row as redacted. That flag is only a yes or no. It does not say how much was removed, and this archive did not open the file to look.
The government's own description of the file is quoted in the next section. If that description and the date or place cells disagree, both are printed here and neither has been ""fixed."""
fbi-uap-d038,FBI-UAP-D038,"FBI-UAP-D038, Digital Rendering 1, “Multiple Red Lights,” 2026",pursue-05,FBI,document,2026-08-07,2026,2026,year,Western United States,Western United States,false,not_flagged,false,,,,,false,384,records/fbi-uap-d038.md,"This is one file in the U.S. Department of War PURSUE catalog, Release 05 (August 7, 2026). The agency on the row is FBI. The catalog calls the file type PDF. The incident date cell says ""2026"". The incident location cell says ""Western United States"". The catalog does not flag this row as redacted. That flag is only a yes or no. It does not say how much was removed, and this archive did not open the file to look.
The government's own description of the file is quoted in the next section. If that description and the date or place cells disagree, both are printed here and neither has been ""fixed."""
fbi-uap-d039,FBI-UAP-D039,"FBI-UAP-D039, Digital Rendering 2, “Multiple Red Lights,” 2026",pursue-05,FBI,document,2026-08-07,2026,2026,year,Western United States,Western United States,false,not_flagged,false,,,,,false,385,records/fbi-uap-d039.md,"This is one file in the U.S. Department of War PURSUE catalog, Release 05 (August 7, 2026). The agency on the row is FBI. The catalog calls the file type PDF. The incident date cell says ""2026"". The incident location cell says ""Western United States"". The catalog does not flag this row as redacted. That flag is only a yes or no. It does not say how much was removed, and this archive did not open the file to look.
The government's own description of the file is quoted in the next section. If that description and the date or place cells disagree, both are printed here and neither has been ""fixed."""
fbi-uap-d040,FBI-UAP-D040,"FBI-UAP-D040, FD-302, “Multiple Red Lights,” 2026",pursue-05,FBI,document,2026-08-07,2026,2026,year,Western United States,Western United States,true,flagged,false,,,,,false,386,records/fbi-uap-d040.md,"This is one file in the U.S. Department of War PURSUE catalog, Release 05 (August 7, 2026). The agency on the row is FBI. The catalog calls the file type PDF. The incident date cell says ""2026"". The incident location cell says ""Western United States"". The catalog flags this row as redacted. That flag is only a yes or no. It does not say how much was removed, and this archive did not open the file to look.
The government's own description of the file is quoted in the next section. If that description and the date or place cells disagree, both are printed here and neither has been ""fixed."""
fbi-uap-d041,FBI-UAP-D041,"FBI-UAP-D041, Digital Rendering 1, “Multiple Red Lights,” 2026",pursue-05,FBI,document,2026-08-07,2026,2026,year,Western United States,Western United States,false,not_flagged,false,,,,,false,387,records/fbi-uap-d041.md,"This is one file in the U.S. Department of War PURSUE catalog, Release 05 (August 7, 2026). The agency on the row is FBI. The catalog calls the file type PDF. The incident date cell says ""2026"". The incident location cell says ""Western United States"". The catalog does not flag this row as redacted. That flag is only a yes or no. It does not say how much was removed, and this archive did not open the file to look.
The government's own description of the file is quoted in the next section. If that description and the date or place cells disagree, both are printed here and neither has been ""fixed."""
fbi-uap-d042,FBI-UAP-D042,"FBI-UAP-D042, Digital Rendering 2, “Multiple Red Lights,” 2026",pursue-05,FBI,document,2026-08-07,2026,2026,year,Western United States,Western United States,false,not_flagged,false,,,,,false,388,records/fbi-uap-d042.md,"This is one file in the U.S. Department of War PURSUE catalog, Release 05 (August 7, 2026). The agency on the row is FBI. The catalog calls the file type PDF. The incident date cell says ""2026"". The incident location cell says ""Western United States"". The catalog does not flag this row as redacted. That flag is only a yes or no. It does not say how much was removed, and this archive did not open the file to look.
The government's own description of the file is quoted in the next section. If that description and the date or place cells disagree, both are printed here and neither has been ""fixed."""
fbi-uap-pr001,FBI-UAP-PR001,"FBI-UAP-PR001, “Triangle Orbs,” Northeastern United States, 2021",pursue-03,FBI,video,2026-06-12,2021-11,"November, 2021",month,Northeastern United States,Northeastern United States,false,not_flagged,false,1010263,81758206,https://d34w7g4gy10iej.cloudfront.net/video/2606/DOD_111764142/DOD_111764142.mp4,,false,389,records/fbi-uap-pr001.md,"This is one file in the U.S. Department of War PURSUE catalog, Release 03 (June 12, 2026). The agency on the row is FBI. The catalog calls the file type VID. The incident date cell says ""November, 2021"". The incident location cell says ""Northeastern United States"". The catalog does not flag this row as redacted. That flag is only a yes or no. It does not say how much was removed, and this archive did not open the file to look.
The government's own description of the file is quoted in the next section. If that description and the date or place cells disagree, both are printed here and neither has been ""fixed."""
fbi-uap-pr002,FBI-UAP-PR002,"FBI-UAP-PR002, “Red Orb Rotation,” Northeastern United States, 2022",pursue-03,FBI,video,2026-06-12,2022-03,"March, 2022",month,Northeastern United States,Northeastern United States,false,not_flagged,false,1010264,143319259,https://d34w7g4gy10iej.cloudfront.net/video/2606/DOD_111764148/DOD_111764148.mp4,,false,390,records/fbi-uap-pr002.md,"This is one file in the U.S. Department of War PURSUE catalog, Release 03 (June 12, 2026). The agency on the row is FBI. The catalog calls the file type VID. The incident date cell says ""March, 2022"". The incident location cell says ""Northeastern United States"". The catalog does not flag this row as redacted. That flag is only a yes or no. It does not say how much was removed, and this archive did not open the file to look.
The government's own description of the file is quoted in the next section. If that description and the date or place cells disagree, both are printed here and neither has been ""fixed."""
fbi-uap-pr003,FBI-UAP-PR003,"FBI-UAP-PR003, “Orbs Over the Pond,” 2024",pursue-03,FBI,video,2026-06-12,2024-10,"October, 2024",month,Northeastern United States,Northeastern United States,false,not_flagged,false,1010267,296467952,https://d34w7g4gy10iej.cloudfront.net/video/2606/DOD_111764159/DOD_111764159.mp4,,false,391,records/fbi-uap-pr003.md,"This is one file in the U.S. Department of War PURSUE catalog, Release 03 (June 12, 2026). The agency on the row is FBI. The catalog calls the file type VID. The incident date cell says ""October, 2024"". The incident location cell says ""Northeastern United States"". The catalog does not flag this row as redacted. That flag is only a yes or no. It does not say how much was removed, and this archive did not open the file to look.
The government's own description of the file is quoted in the next section. If that description and the date or place cells disagree, both are printed here and neither has been ""fixed."""
fbi-uap-pr004,FBI-UAP-PR004,"FBI-UAP-PR004, “Northeastern Orb Sighting,” 2025",pursue-03,FBI,video,2026-06-12,2025-07,"July, 2025",month,Northeastern United States,Northeastern United States,false,not_flagged,false,1010269,25869129,https://d34w7g4gy10iej.cloudfront.net/video/2606/DOD_111764177/DOD_111764177.mp4,,false,392,records/fbi-uap-pr004.md,"This is one file in the U.S. Department of War PURSUE catalog, Release 03 (June 12, 2026). The agency on the row is FBI. The catalog calls the file type VID. The incident date cell says ""July, 2025"". The incident location cell says ""Northeastern United States"". The catalog does not flag this row as redacted. That flag is only a yes or no. It does not say how much was removed, and this archive did not open the file to look.
The government's own description of the file is quoted in the next section. If that description and the date or place cells disagree, both are printed here and neither has been ""fixed."""
fbi-uap-pr005,FBI-UAP-PR005,"FBI-UAP-PR005, Digital Recreation, Narrative Statement 3-1, Western United States Event, 2023",pursue-03,FBI,video,2026-06-12,2023-10,"October, 2023",month,Western United States,Western United States,false,not_flagged,false,1010272,2785289,https://d34w7g4gy10iej.cloudfront.net/video/2606/DOD_111764189/DOD_111764189.mp4,western-us-event-2023,false,393,records/fbi-uap-pr005.md,"This is one file in the U.S. Department of War PURSUE catalog, Release 03 (June 12, 2026). The agency on the row is FBI. The catalog calls the file type VID. The incident date cell says ""October, 2023"". The incident location cell says ""Western United States"". The catalog does not flag this row as redacted. That flag is only a yes or no. It does not say how much was removed, and this archive did not open the file to look.
The government's own description of the file is quoted in the next section. If that description and the date or place cells disagree, both are printed here and neither has been ""fixed."""
fbi-uap-pr006,FBI-UAP-PR006,"FBI-UAP-PR006, Digital Recreation, Narrative Statement 3-2, Western United States Event, 2023",pursue-03,FBI,video,2026-06-12,2023-10,"October, 2023",month,Western United States,Western United States,false,not_flagged,false,1010276,3652793,https://d34w7g4gy10iej.cloudfront.net/video/2606/DOD_111764213/DOD_111764213.mp4,western-us-event-2023,false,394,records/fbi-uap-pr006.md,"This is one file in the U.S. Department of War PURSUE catalog, Release 03 (June 12, 2026). The agency on the row is FBI. The catalog calls the file type VID. The incident date cell says ""October, 2023"". The incident location cell says ""Western United States"". The catalog does not flag this row as redacted. That flag is only a yes or no. It does not say how much was removed, and this archive did not open the file to look.
The government's own description of the file is quoted in the next section. If that description and the date or place cells disagree, both are printed here and neither has been ""fixed."""
fbi-uap-pr007,FBI-UAP-PR007,"FBI-UAP-PR007, “Slow-moving Objects,” 2026",pursue-05,FBI,video,2026-08-07,2026,2026,year,Western United States,Western United States,false,not_flagged,false,1017801,1235067,https://d34w7g4gy10iej.cloudfront.net/video/2608/DOD_111887430/DOD_111887430.mp4,,false,395,records/fbi-uap-pr007.md,"This is one file in the U.S. Department of War PURSUE catalog, Release 05 (August 7, 2026). The agency on the row is FBI. The catalog calls the file type VID. The incident date cell says ""2026"". The incident location cell says ""Western United States"". The catalog does not flag this row as redacted. That flag is only a yes or no. It does not say how much was removed, and this archive did not open the file to look.
The government's own description of the file is quoted in the next section. If that description and the date or place cells disagree, both are printed here and neither has been ""fixed."""
ica-uap-d001,ICA-UAP-D001,"ICA-UAP-D001, Analysis: Colorado Springs UAP Incident, 2022",pursue-03,Intelligence Community Agency,document,2026-06-12,2022,2022,year,"Colorado Springs, Colorado, U.S.","Colorado Springs, Colorado, U.S.",true,flagged,false,,,,,false,396,records/ica-uap-d001.md,"This is one file in the U.S. Department of War PURSUE catalog, Release 03 (June 12, 2026). The agency on the row is Intelligence Community Agency. The catalog calls the file type PDF. The incident date cell says ""2022"". The incident location cell says ""Colorado Springs, Colorado, U.S."". The catalog flags this row as redacted. That flag is only a yes or no. It does not say how much was removed, and this archive did not open the file to look.
The government's own description of the file is quoted in the next section. If that description and the date or place cells disagree, both are printed here and neither has been ""fixed."""
lle-uap-d001,LLE-UAP-D001,"LLE-UAP-D001, Transcript of an Unresolved UAP Report, Colorado, October 2023",pursue-06,Local Law Enforcement,document,2026-09-18,2023-10,"October, 2023",month,Colorado,Colorado,true,flagged,false,,,,colorado-police-2023,false,397,records/lle-uap-d001.md,"This is one file in the U.S. Department of War PURSUE catalog, Release 06 (September 18, 2026). The agency on the row is Local Law Enforcement. The catalog calls the file type PDF. The incident date cell says ""October, 2023"". The incident location cell says ""Colorado"". The catalog flags this row as redacted. That flag is only a yes or no. It does not say how much was removed, and this archive did not open the file to look.
The government's own description of the file is quoted in the next section. If that description and the date or place cells disagree, both are printed here and neither has been ""fixed."""
lle-uap-d002,LLE-UAP-D002,"LLE-UAP-D002, Transcript of an Unresolved UAP Report, Colorado, October 2023",pursue-06,Local Law Enforcement,document,2026-09-18,2023-10,"October, 2023",month,Colorado,Colorado,true,flagged,false,,,,colorado-police-2023,false,398,records/lle-uap-d002.md,"This is one file in the U.S. Department of War PURSUE catalog, Release 06 (September 18, 2026). The agency on the row is Local Law Enforcement. The catalog calls the file type PDF. The incident date cell says ""October, 2023"". The incident location cell says ""Colorado"". The catalog flags this row as redacted. That flag is only a yes or no. It does not say how much was removed, and this archive did not open the file to look.
The government's own description of the file is quoted in the next section. If that description and the date or place cells disagree, both are printed here and neither has been ""fixed."""
lle-uap-d003,LLE-UAP-D003,"LLE-UAP-D003, Transcript of an Unresolved UAP Report, Colorado, October 2023",pursue-06,Local Law Enforcement,document,2026-09-18,2023-10,"October, 2023",month,Colorado,Colorado,false,not_flagged,false,,,,colorado-police-2023,false,399,records/lle-uap-d003.md,"This is one file in the U.S. Department of War PURSUE catalog, Release 06 (September 18, 2026). The agency on the row is Local Law Enforcement. The catalog calls the file type PDF. The incident date cell says ""October, 2023"". The incident location cell says ""Colorado"". The catalog does not flag this row as redacted. That flag is only a yes or no. It does not say how much was removed, and this archive did not open the file to look.
The government's own description of the file is quoted in the next section. If that description and the date or place cells disagree, both are printed here and neither has been ""fixed."""
lle-uap-d004,LLE-UAP-D004,"LLE-UAP-D004, Transcript of an Unresolved UAP Report, Colorado, January 2024",pursue-06,Local Law Enforcement,document,2026-09-18,2024-01,"January, 2024",month,Colorado,Colorado,true,flagged,false,,,,colorado-police-2023,false,400,records/lle-uap-d004.md,"This is one file in the U.S. Department of War PURSUE catalog, Release 06 (September 18, 2026). The agency on the row is Local Law Enforcement. The catalog calls the file type PDF. The incident date cell says ""January, 2024"". The incident location cell says ""Colorado"". The catalog flags this row as redacted. That flag is only a yes or no. It does not say how much was removed, and this archive did not open the file to look.
The government's own description of the file is quoted in the next section. If that description and the date or place cells disagree, both are printed here and neither has been ""fixed."""
lle-uap-pr001,LLE-UAP-PR001,"LLE-UAP-PR001, Unresolved UAP Report, Colorado, 2023",pursue-06,Local Law Enforcement,video,2026-09-18,2023-10,"October, 2023",month,Colorado,Colorado,true,flagged,true,1023409,7383993,https://d34w7g4gy10iej.cloudfront.net/video/2609/DOD_111985834/DOD_111985834.mp4,colorado-police-2023,false,9,records/lle-uap-pr001.md,"This is one file in the U.S. Department of War PURSUE catalog, Release 06 (September 18, 2026). The agency on the row is Local Law Enforcement. The catalog calls the file type VID. The incident date cell says ""October, 2023"". The incident location cell says ""Colorado"". The catalog flags this row as redacted. That flag is only a yes or no. It does not say how much was removed, and this archive did not open the file to look.
The government's own description of the file is quoted in the next section. If that description and the date or place cells disagree, both are printed here and neither has been ""fixed."""
lle-uap-pr002,LLE-UAP-PR002,"LLE-UAP-PR002, Unresolved UAP Report, Colorado, October 2023",pursue-06,Local Law Enforcement,video,2026-09-18,2023-10,"October, 2023",month,Colorado,Colorado,true,flagged,true,1023412,81434116,https://d34w7g4gy10iej.cloudfront.net/video/2609/DOD_111985844/DOD_111985844.mp4,colorado-police-2023,false,10,records/lle-uap-pr002.md,"This is one file in the U.S. Department of War PURSUE catalog, Release 06 (September 18, 2026). The agency on the row is Local Law Enforcement. The catalog calls the file type VID. The incident date cell says ""October, 2023"". The incident location cell says ""Colorado"". The catalog flags this row as redacted. That flag is only a yes or no. It does not say how much was removed, and this archive did not open the file to look.
The government's own description of the file is quoted in the next section. If that description and the date or place cells disagree, both are printed here and neither has been ""fixed."""
lle-uap-pr003,LLE-UAP-PR003,"LLE-UAP-PR003, Unresolved UAP Report, Colorado, October 2023",pursue-06,Local Law Enforcement,video,2026-09-18,2023-10,"October, 2023",month,Colorado,Colorado,true,flagged,false,1023414,12620043,https://d34w7g4gy10iej.cloudfront.net/video/2609/DOD_111985850/DOD_111985850.mp4,colorado-police-2023,false,401,records/lle-uap-pr003.md,"This is one file in the U.S. Department of War PURSUE catalog, Release 06 (September 18, 2026). The agency on the row is Local Law Enforcement. The catalog calls the file type VID. The incident date cell says ""October, 2023"". The incident location cell says ""Colorado"". The catalog flags this row as redacted. That flag is only a yes or no. It does not say how much was removed, and this archive did not open the file to look.
The government's own description of the file is quoted in the next section. If that description and the date or place cells disagree, both are printed here and neither has been ""fixed."""
lle-uap-pr004,LLE-UAP-PR004,"LLE-UAP-PR004, Unresolved UAP Report, Colorado, January 2024",pursue-06,Local Law Enforcement,video,2026-09-18,2023-10,"October, 2023",month,Colorado,Colorado,true,flagged,false,1023416,6614603,https://d34w7g4gy10iej.cloudfront.net/video/2609/DOD_111985855/DOD_111985855.mp4,colorado-police-2023,false,402,records/lle-uap-pr004.md,"This is one file in the U.S. Department of War PURSUE catalog, Release 06 (September 18, 2026). The agency on the row is Local Law Enforcement. The catalog calls the file type VID. The incident date cell says ""October, 2023"". The incident location cell says ""Colorado"". The catalog flags this row as redacted. That flag is only a yes or no. It does not say how much was removed, and this archive did not open the file to look.
The government's own description of the file is quoted in the next section. If that description and the date or place cells disagree, both are printed here and neither has been ""fixed."""
nasa-uap-d001,NASA-UAP-D001,"NASA-UAP-D001, Apollo 12 Transcript, 1969",pursue-01,NASA,document,2026-05-08,1969,1969,year,Moon,Moon,false,not_flagged,false,,,,,false,403,records/nasa-uap-d001.md,"This is one file in the U.S. Department of War PURSUE catalog, Release 01 (May 8, 2026). The agency on the row is NASA. The catalog calls the file type PDF. The incident date cell says ""1969"". The incident location cell says ""Moon"". The catalog does not flag this row as redacted. That flag is only a yes or no. It does not say how much was removed, and this archive did not open the file to look.
The government's own description of the file is quoted in the next section. If that description and the date or place cells disagree, both are printed here and neither has been ""fixed."""
nasa-uap-d002,NASA-UAP-D002,"NASA-UAP-D002, Apollo 17 Transcript, 1972",pursue-01,NASA,document,2026-05-08,1972,1972,year,Moon,Moon,false,not_flagged,false,,,,apollo-17-three-dots,false,404,records/nasa-uap-d002.md,"This is one file in the U.S. Department of War PURSUE catalog, Release 01 (May 8, 2026). The agency on the row is NASA. The catalog calls the file type PDF. The incident date cell says ""1972"". The incident location cell says ""Moon"". The catalog does not flag this row as redacted. That flag is only a yes or no. It does not say how much was removed, and this archive did not open the file to look.
The government's own description of the file is quoted in the next section. If that description and the date or place cells disagree, both are printed here and neither has been ""fixed."""
nasa-uap-d003,NASA-UAP-D003,"NASA-UAP-D003, Gemini 7 Transcript, 1965",pursue-01,NASA,document,2026-05-08,1965-12-05,12/5/65,day,Low Earth Orbit,Low Earth Orbit,false,not_flagged,false,,,,,false,405,records/nasa-uap-d003.md,"This is one file in the U.S. Department of War PURSUE catalog, Release 01 (May 8, 2026). The agency on the row is NASA. The catalog calls the file type PDF. The incident date cell says ""12/5/65"". The incident location cell says ""Low Earth Orbit"". The catalog does not flag this row as redacted. That flag is only a yes or no. It does not say how much was removed, and this archive did not open the file to look.
The government's own description of the file is quoted in the next section. If that description and the date or place cells disagree, both are printed here and neither has been ""fixed."""
nasa-uap-d003a,NASA-UAP-D003A,"NASA-UAP-D003A, Gemini 7 Audio Excerpt, 1965",pursue-01,NASA,audio,2026-05-08,1965-12-05,12/5/65,day,Low Earth Orbit,Low Earth Orbit,false,not_flagged,false,1006119,19126276,https://d34w7g4gy10iej.cloudfront.net/video/2605/DOD_111689232/DOD_111689232.mp4,,false,406,records/nasa-uap-d003a.md,"This is one file in the U.S. Department of War PURSUE catalog, Release 01 (May 8, 2026). The agency on the row is NASA. The catalog calls the file type AUD. The incident date cell says ""12/5/65"". The incident location cell says ""Low Earth Orbit"". The catalog does not flag this row as redacted. That flag is only a yes or no. It does not say how much was removed, and this archive did not open the file to look. On the May 20, 2026 snapshot this row's type cell is VID. On every later snapshot stored here it is AUD. See [catalog quality](../analysis/catalog-quality.md).
The government's own description of the file is quoted in the next section. If that description and the date or place cells disagree, both are printed here and neither has been ""fixed."""
nasa-uap-d004,NASA-UAP-D004,"NASA-UAP-D004, Apollo 11 Technical Crew Debriefing, 1969",pursue-01,NASA,document,2026-05-08,1969,1969,year,,,false,not_flagged,false,,,,,false,407,records/nasa-uap-d004.md,"This is one file in the U.S. Department of War PURSUE catalog, Release 01 (May 8, 2026). The agency on the row is NASA. The catalog calls the file type PDF. The incident date cell says ""1969"". The incident location cell says ""not given"". The catalog does not flag this row as redacted. That flag is only a yes or no. It does not say how much was removed, and this archive did not open the file to look.
The government's own description of the file is quoted in the next section. If that description and the date or place cells disagree, both are printed here and neither has been ""fixed."""
nasa-uap-d005,NASA-UAP-D005,"NASA-UAP-D005, Apollo 17 Crew Debriefing for Science, 1973",pursue-01,NASA,document,2026-05-08,1973,1973,year,,,false,not_flagged,false,,,,apollo-17-three-dots,false,408,records/nasa-uap-d005.md,"This is one file in the U.S. Department of War PURSUE catalog, Release 01 (May 8, 2026). The agency on the row is NASA. The catalog calls the file type PDF. The incident date cell says ""1973"". The incident location cell says ""not given"". The catalog does not flag this row as redacted. That flag is only a yes or no. It does not say how much was removed, and this archive did not open the file to look.
The government's own description of the file is quoted in the next section. If that description and the date or place cells disagree, both are printed here and neither has been ""fixed."""
nasa-uap-d006,NASA-UAP-D006,"NASA-UAP-D006, Apollo 17 Technical Crew Debriefing, 1973",pursue-01,NASA,document,2026-05-08,1973,1973,year,,,false,not_flagged,false,,,,apollo-17-three-dots,false,409,records/nasa-uap-d006.md,"This is one file in the U.S. Department of War PURSUE catalog, Release 01 (May 8, 2026). The agency on the row is NASA. The catalog calls the file type PDF. The incident date cell says ""1973"". The incident location cell says ""not given"". The catalog does not flag this row as redacted. That flag is only a yes or no. It does not say how much was removed, and this archive did not open the file to look.
The government's own description of the file is quoted in the next section. If that description and the date or place cells disagree, both are printed here and neither has been ""fixed."""
nasa-uap-d007,NASA-UAP-D007,"NASA-UAP-D007, Skylab Technical Crew Debriefing 1973",pursue-01,NASA,document,2026-05-08,1973,1973,year,,,false,not_flagged,false,,,,,false,410,records/nasa-uap-d007.md,"This is one file in the U.S. Department of War PURSUE catalog, Release 01 (May 8, 2026). The agency on the row is NASA. The catalog calls the file type PDF. The incident date cell says ""1973"". The incident location cell says ""not given"". The catalog does not flag this row as redacted. That flag is only a yes or no. It does not say how much was removed, and this archive did not open the file to look.
The government's own description of the file is quoted in the next section. If that description and the date or place cells disagree, both are printed here and neither has been ""fixed."""
nasa-uap-d008,NASA-UAP-D008,"NASA-UAP-D008, Apollo 12 Medical Debriefing - Tape 12, 1969",pursue-02,NASA,audio,2026-05-22,1969,1969,year,Texas,Texas,false,not_flagged,false,1007870,157250750,https://d34w7g4gy10iej.cloudfront.net/video/2605/DOD_111721693/DOD_111721693.mp4,,false,411,records/nasa-uap-d008.md,"This is one file in the U.S. Department of War PURSUE catalog, Release 02 (May 22, 2026). The agency on the row is NASA. The catalog calls the file type AUD. The incident date cell says ""1969"". The incident location cell says ""Texas"". The catalog does not flag this row as redacted. That flag is only a yes or no. It does not say how much was removed, and this archive did not open the file to look.
The government's own description of the file is quoted in the next section. If that description and the date or place cells disagree, both are printed here and neither has been ""fixed."""
nasa-uap-d009,NASA-UAP-D009,"NASA-UAP-D009, Apollo 17 Audio Excerpt, December 7, 1972",pursue-02,NASA,audio,2026-05-22,1972-12-07,12/7/72,day,Cislunar Space,Cislunar Space,false,not_flagged,false,1007872,261037350,https://d34w7g4gy10iej.cloudfront.net/video/2605/DOD_111721698/DOD_111721698.mp4,apollo-17-three-dots,false,412,records/nasa-uap-d009.md,"This is one file in the U.S. Department of War PURSUE catalog, Release 02 (May 22, 2026). The agency on the row is NASA. The catalog calls the file type AUD. The incident date cell says ""12/7/72"". The incident location cell says ""Cislunar Space"". The catalog does not flag this row as redacted. That flag is only a yes or no. It does not say how much was removed, and this archive did not open the file to look.
The government's own description of the file is quoted in the next section. If that description and the date or place cells disagree, both are printed here and neither has been ""fixed."""
nasa-uap-d010,NASA-UAP-D010,"NASA-UAP-D010, Mercury Atlas 9 Audio Excerpt, May 15, 1963",pursue-02,NASA,audio,2026-05-22,1963-05-15,5/15/63,day,Low Earth Orbit,Low Earth Orbit,false,not_flagged,false,1007874,164897834,https://d34w7g4gy10iej.cloudfront.net/video/2605/DOD_111721711/DOD_111721711.mp4,astronaut-particles,false,413,records/nasa-uap-d010.md,"This is one file in the U.S. Department of War PURSUE catalog, Release 02 (May 22, 2026). The agency on the row is NASA. The catalog calls the file type AUD. The incident date cell says ""5/15/63"". The incident location cell says ""Low Earth Orbit"". The catalog does not flag this row as redacted. That flag is only a yes or no. It does not say how much was removed, and this archive did not open the file to look.
The government's own description of the file is quoted in the next section. If that description and the date or place cells disagree, both are printed here and neither has been ""fixed."""
nasa-uap-d011,NASA-UAP-D011,"NASA-UAP-D011, Mercury Atlas 9 Audio Excerpt, May 15, 1963",pursue-02,NASA,audio,2026-05-22,1963-05-15,5/15/63,day,Low Earth Orbit,Low Earth Orbit,false,not_flagged,false,1007876,416230797,https://d34w7g4gy10iej.cloudfront.net/video/2605/DOD_111721737/DOD_111721737.mp4,astronaut-particles,false,414,records/nasa-uap-d011.md,"This is one file in the U.S. Department of War PURSUE catalog, Release 02 (May 22, 2026). The agency on the row is NASA. The catalog calls the file type AUD. The incident date cell says ""5/15/63"". The incident location cell says ""Low Earth Orbit"". The catalog does not flag this row as redacted. That flag is only a yes or no. It does not say how much was removed, and this archive did not open the file to look.
The government's own description of the file is quoted in the next section. If that description and the date or place cells disagree, both are printed here and neither has been ""fixed."""
nasa-uap-d012,NASA-UAP-D012,"NASA-UAP-D012, Mercury Atlas 8 Audio Excerpt, October 3, 1962",pursue-02,NASA,audio,2026-05-22,1962-10-03,10/3/62,day,Low Earth Orbit,Low Earth Orbit,false,not_flagged,false,1007877,214076300,https://d34w7g4gy10iej.cloudfront.net/video/2605/DOD_111721747/DOD_111721747.mp4,schirra-mercury-atlas-8 | astronaut-particles,false,415,records/nasa-uap-d012.md,"This is one file in the U.S. Department of War PURSUE catalog, Release 02 (May 22, 2026). The agency on the row is NASA. The catalog calls the file type AUD. The incident date cell says ""10/3/62"". The incident location cell says ""Low Earth Orbit"". The catalog does not flag this row as redacted. That flag is only a yes or no. It does not say how much was removed, and this archive did not open the file to look.
The government's own description of the file is quoted in the next section. If that description and the date or place cells disagree, both are printed here and neither has been ""fixed."""
nasa-uap-d013,NASA-UAP-D013,"NASA-UAP-D013, Mercury Atlas 7, May 24, 1962",pursue-02,NASA,audio,2026-05-22,1962-05-24,5/24/62,day,Low Earth Orbit,Low Earth Orbit,false,not_flagged,false,1007879,81705408,https://d34w7g4gy10iej.cloudfront.net/video/2605/DOD_111721758/DOD_111721758.mp4,astronaut-particles,false,416,records/nasa-uap-d013.md,"This is one file in the U.S. Department of War PURSUE catalog, Release 02 (May 22, 2026). The agency on the row is NASA. The catalog calls the file type AUD. The incident date cell says ""5/24/62"". The incident location cell says ""Low Earth Orbit"". The catalog does not flag this row as redacted. That flag is only a yes or no. It does not say how much was removed, and this archive did not open the file to look.
The government's own description of the file is quoted in the next section. If that description and the date or place cells disagree, both are printed here and neither has been ""fixed."""
nasa-uap-d014,NASA-UAP-D014,"NASA-UAP-D014, Mercury-Redstone 4, July 21, 1961",pursue-02,NASA,audio,2026-05-22,1961-07-21,7/21/61,day,North Atlantic Ocean,North Atlantic Ocean,false,not_flagged,false,1007878,33843484,https://d34w7g4gy10iej.cloudfront.net/video/2605/DOD_111721755/DOD_111721755.mp4,,false,417,records/nasa-uap-d014.md,"This is one file in the U.S. Department of War PURSUE catalog, Release 02 (May 22, 2026). The agency on the row is NASA. The catalog calls the file type AUD. The incident date cell says ""7/21/61"". The incident location cell says ""North Atlantic Ocean"". The catalog does not flag this row as redacted. That flag is only a yes or no. It does not say how much was removed, and this archive did not open the file to look.
The government's own description of the file is quoted in the next section. If that description and the date or place cells disagree, both are printed here and neither has been ""fixed."""
nasa-uap-d015,NASA-UAP-D015,"NASA-UAP-D015, Astronaut Scientific Debriefings, 1962-1963",pursue-03,NASA,document,2026-06-12,1962-1963,1962-1963,range,,,false,not_flagged,false,,,,,false,418,records/nasa-uap-d015.md,"This is one file in the U.S. Department of War PURSUE catalog, Release 03 (June 12, 2026). The agency on the row is NASA. The catalog calls the file type PDF. The incident date cell says ""1962-1963"". The incident location cell says ""not given"". The catalog does not flag this row as redacted. That flag is only a yes or no. It does not say how much was removed, and this archive did not open the file to look.
The government's own description of the file is quoted in the next section. If that description and the date or place cells disagree, both are printed here and neither has been ""fixed."""
nasa-uap-d016,NASA-UAP-D016,"NASA-UAP-D016, Preliminary Gemini 4 Crew Debriefing, Part I, 1965",pursue-03,NASA,document,2026-06-12,1965-06-09,6/9/65,day,North Atlantic Ocean,North Atlantic Ocean,false,not_flagged,false,,,,,false,419,records/nasa-uap-d016.md,"This is one file in the U.S. Department of War PURSUE catalog, Release 03 (June 12, 2026). The agency on the row is NASA. The catalog calls the file type PDF. The incident date cell says ""6/9/65"". The incident location cell says ""North Atlantic Ocean"". The catalog does not flag this row as redacted. That flag is only a yes or no. It does not say how much was removed, and this archive did not open the file to look.
The government's own description of the file is quoted in the next section. If that description and the date or place cells disagree, both are printed here and neither has been ""fixed."""
nasa-uap-d017,NASA-UAP-D017,"NASA-UAP-D017, Preliminary Gemini 4 Crew Debriefing, Part II, 1965",pursue-03,NASA,document,2026-06-12,1965-06-09,6/9/65,day,North Atlantic Ocean,North Atlantic Ocean,false,not_flagged,false,,,,,false,420,records/nasa-uap-d017.md,"This is one file in the U.S. Department of War PURSUE catalog, Release 03 (June 12, 2026). The agency on the row is NASA. The catalog calls the file type PDF. The incident date cell says ""6/9/65"". The incident location cell says ""North Atlantic Ocean"". The catalog does not flag this row as redacted. That flag is only a yes or no. It does not say how much was removed, and this archive did not open the file to look.
The government's own description of the file is quoted in the next section. If that description and the date or place cells disagree, both are printed here and neither has been ""fixed."""
nasa-uap-d018,NASA-UAP-D018,"NASA-UAP-D018, Gemini 4 Experiment Debriefing, 1967",pursue-03,NASA,document,2026-06-12,,"June 3-7, 1965",unknown,Low Earth Orbit,Low Earth Orbit,false,not_flagged,false,,,,,false,421,records/nasa-uap-d018.md,"This is one file in the U.S. Department of War PURSUE catalog, Release 03 (June 12, 2026). The agency on the row is NASA. The catalog calls the file type PDF. The incident date cell says ""June 3-7, 1965"". The incident location cell says ""Low Earth Orbit"". The catalog does not flag this row as redacted. That flag is only a yes or no. It does not say how much was removed, and this archive did not open the file to look.
The government's own description of the file is quoted in the next section. If that description and the date or place cells disagree, both are printed here and neither has been ""fixed."""
nasa-uap-d019,NASA-UAP-D019,"NASA-UAP-D019, Gemini 5 Technical Debriefing, Part I, 1965",pursue-03,NASA,document,2026-06-12,,"August 2 - September 2, 1965",unknown,"Cape Kennedy, Florida","Cape Kennedy, Florida",false,not_flagged,false,,,,,false,422,records/nasa-uap-d019.md,"This is one file in the U.S. Department of War PURSUE catalog, Release 03 (June 12, 2026). The agency on the row is NASA. The catalog calls the file type PDF. The incident date cell says ""August 2 - September 2, 1965"". The incident location cell says ""Cape Kennedy, Florida"". The catalog does not flag this row as redacted. That flag is only a yes or no. It does not say how much was removed, and this archive did not open the file to look.
The government's own description of the file is quoted in the next section. If that description and the date or place cells disagree, both are printed here and neither has been ""fixed."""
nasa-uap-d020,NASA-UAP-D020,"NASA-UAP-D020, Gemini 5 Technical Debriefing, Part II, 1965",pursue-03,NASA,document,2026-06-12,,"August 30 - September 2, 1965",unknown,"Cape Kennedy, Florida","Cape Kennedy, Florida",false,not_flagged,false,,,,,false,423,records/nasa-uap-d020.md,"This is one file in the U.S. Department of War PURSUE catalog, Release 03 (June 12, 2026). The agency on the row is NASA. The catalog calls the file type PDF. The incident date cell says ""August 30 - September 2, 1965"". The incident location cell says ""Cape Kennedy, Florida"". The catalog does not flag this row as redacted. That flag is only a yes or no. It does not say how much was removed, and this archive did not open the file to look.
The government's own description of the file is quoted in the next section. If that description and the date or place cells disagree, both are printed here and neither has been ""fixed."""
nasa-uap-d021,NASA-UAP-D021,"NASA-UAP-D021, Gemini 7 Technical Debriefing, 1965",pursue-03,NASA,document,2026-06-12,,"December 19-21, 1965",unknown,"Cape Kennedy, Florida","Cape Kennedy, Florida",false,not_flagged,false,,,,,false,424,records/nasa-uap-d021.md,"This is one file in the U.S. Department of War PURSUE catalog, Release 03 (June 12, 2026). The agency on the row is NASA. The catalog calls the file type PDF. The incident date cell says ""December 19-21, 1965"". The incident location cell says ""Cape Kennedy, Florida"". The catalog does not flag this row as redacted. That flag is only a yes or no. It does not say how much was removed, and this archive did not open the file to look.
The government's own description of the file is quoted in the next section. If that description and the date or place cells disagree, both are printed here and neither has been ""fixed."""
nasa-uap-d022,NASA-UAP-D022,"NASA-UAP-D022, Gemini 9 Debriefing, 1966",pursue-03,NASA,document,2026-06-12,,"June 3-6, 1966",unknown,Low Earth Orbit,Low Earth Orbit,false,not_flagged,false,,,,,false,425,records/nasa-uap-d022.md,"This is one file in the U.S. Department of War PURSUE catalog, Release 03 (June 12, 2026). The agency on the row is NASA. The catalog calls the file type PDF. The incident date cell says ""June 3-6, 1966"". The incident location cell says ""Low Earth Orbit"". The catalog does not flag this row as redacted. That flag is only a yes or no. It does not say how much was removed, and this archive did not open the file to look.
The government's own description of the file is quoted in the next section. If that description and the date or place cells disagree, both are printed here and neither has been ""fixed."""
nasa-uap-d023,NASA-UAP-D023,"NASA-UAP-D023, Interview Excerpt with Astronaut Gordon Cooper, 1962",pursue-03,NASA,audio,2026-06-12,1962-11,"November, 1962",month,,,false,not_flagged,false,1010337,71485397,https://d34w7g4gy10iej.cloudfront.net/video/2606/DOD_111764959/DOD_111764959.mp4,,false,426,records/nasa-uap-d023.md,"This is one file in the U.S. Department of War PURSUE catalog, Release 03 (June 12, 2026). The agency on the row is NASA. The catalog calls the file type AUD. The incident date cell says ""November, 1962"". The incident location cell says ""not given"". The catalog does not flag this row as redacted. That flag is only a yes or no. It does not say how much was removed, and this archive did not open the file to look.
The government's own description of the file is quoted in the next section. If that description and the date or place cells disagree, both are printed here and neither has been ""fixed."""
nasa-uap-d024,NASA-UAP-D024,"NASA-UAP-D024, “Apollo 16 Scientific Debriefing”",pursue-03,NASA,audio,2026-06-12,,,unknown,"Houston, Texas","Houston, Texas",false,not_flagged,false,1010319,3203457323,https://d34w7g4gy10iej.cloudfront.net/video/2606/DOD_111764796/DOD_111764796.mp4,,false,427,records/nasa-uap-d024.md,"This is one file in the U.S. Department of War PURSUE catalog, Release 03 (June 12, 2026). The agency on the row is NASA. The catalog calls the file type AUD. The incident date cell says ""not given"". The incident location cell says ""Houston, Texas"". The catalog does not flag this row as redacted. That flag is only a yes or no. It does not say how much was removed, and this archive did not open the file to look.
The government's own description of the file is quoted in the next section. If that description and the date or place cells disagree, both are printed here and neither has been ""fixed."""
nasa-uap-d025,NASA-UAP-D025,"NASA-UAP-D025, “Apollo 16 Scientific Debriefing”",pursue-03,NASA,audio,2026-06-12,,,unknown,"Houston, Texas","Houston, Texas",false,not_flagged,false,1010336,1276096477,https://d34w7g4gy10iej.cloudfront.net/video/2606/DOD_111764902/DOD_111764902.mp4,,false,428,records/nasa-uap-d025.md,"This is one file in the U.S. Department of War PURSUE catalog, Release 03 (June 12, 2026). The agency on the row is NASA. The catalog calls the file type AUD. The incident date cell says ""not given"". The incident location cell says ""Houston, Texas"". The catalog does not flag this row as redacted. That flag is only a yes or no. It does not say how much was removed, and this archive did not open the file to look.
The government's own description of the file is quoted in the next section. If that description and the date or place cells disagree, both are printed here and neither has been ""fixed."""
nasa-uap-d026,NASA-UAP-D026,"NASA-UAP-D026, Apollo 14 Debriefing, 1971",pursue-04,NASA,audio,2026-07-10,1971-02-18,2/18/71,day,Texas,Texas,false,not_flagged,false,1014107,1420423682,https://d34w7g4gy10iej.cloudfront.net/video/2607/DOD_111830063/DOD_111830063-1920x1080-9000k.mp4,,false,429,records/nasa-uap-d026.md,"This is one file in the U.S. Department of War PURSUE catalog, Release 04 (July 10, 2026). The agency on the row is NASA. The catalog calls the file type AUD. The incident date cell says ""2/18/71"". The incident location cell says ""Texas"". The catalog does not flag this row as redacted. That flag is only a yes or no. It does not say how much was removed, and this archive did not open the file to look.
The government's own description of the file is quoted in the next section. If that description and the date or place cells disagree, both are printed here and neither has been ""fixed."""
nasa-uap-d027,NASA-UAP-D027,"NASA-UAP-D027, Apollo 14 Debriefing (Continued), 1971",pursue-04,NASA,audio,2026-07-10,1971-02-18,2/18/71,day,Texas,Texas,false,not_flagged,false,1014110,552971229,https://d34w7g4gy10iej.cloudfront.net/video/2607/DOD_111830069/DOD_111830069-1920x1080-9000k.mp4,,false,430,records/nasa-uap-d027.md,"This is one file in the U.S. Department of War PURSUE catalog, Release 04 (July 10, 2026). The agency on the row is NASA. The catalog calls the file type AUD. The incident date cell says ""2/18/71"". The incident location cell says ""Texas"". The catalog does not flag this row as redacted. That flag is only a yes or no. It does not say how much was removed, and this archive did not open the file to look.
The government's own description of the file is quoted in the next section. If that description and the date or place cells disagree, both are printed here and neither has been ""fixed."""
nasa-uap-d028,NASA-UAP-D028,"NASA-UAP-D028, Apollo 17 Crew Medical Debriefing, 1972",pursue-04,NASA,audio,2026-07-10,1972-12-21,12/21/72,day,Texas,Texas,false,not_flagged,false,1014116,827105328,https://d34w7g4gy10iej.cloudfront.net/video/2607/DOD_111830085/DOD_111830085-1920x1080-9000k.mp4,apollo-17-three-dots,false,431,records/nasa-uap-d028.md,"This is one file in the U.S. Department of War PURSUE catalog, Release 04 (July 10, 2026). The agency on the row is NASA. The catalog calls the file type AUD. The incident date cell says ""12/21/72"". The incident location cell says ""Texas"". The catalog does not flag this row as redacted. That flag is only a yes or no. It does not say how much was removed, and this archive did not open the file to look.
The government's own description of the file is quoted in the next section. If that description and the date or place cells disagree, both are printed here and neither has been ""fixed."""
nasa-uap-d029,NASA-UAP-D029,"NASA-UAP-D029, Apollo 17 Crew Medical Debriefing (Continued), 1972",pursue-04,NASA,audio,2026-07-10,1972-12-21,12/21/72,day,Texas,Texas,false,not_flagged,false,1014117,599954971,https://d34w7g4gy10iej.cloudfront.net/video/2607/DOD_111830092/DOD_111830092-1920x1080-9000k.mp4,apollo-17-three-dots,false,432,records/nasa-uap-d029.md,"This is one file in the U.S. Department of War PURSUE catalog, Release 04 (July 10, 2026). The agency on the row is NASA. The catalog calls the file type AUD. The incident date cell says ""12/21/72"". The incident location cell says ""Texas"". The catalog does not flag this row as redacted. That flag is only a yes or no. It does not say how much was removed, and this archive did not open the file to look.
The government's own description of the file is quoted in the next section. If that description and the date or place cells disagree, both are printed here and neither has been ""fixed."""
nasa-uap-d030,NASA-UAP-D030,"NASA-UAP-D030, STS-80 Unidentified Object Image 1, 1996",pursue-04,NASA,image,2026-07-10,1996,1996,year,Low-Earth Orbit,Low-Earth Orbit,false,not_flagged,false,,,,,false,433,records/nasa-uap-d030.md,"This is one file in the U.S. Department of War PURSUE catalog, Release 04 (July 10, 2026). The agency on the row is NASA. The catalog calls the file type IMG. The incident date cell says ""1996"". The incident location cell says ""Low-Earth Orbit"". The catalog does not flag this row as redacted. That flag is only a yes or no. It does not say how much was removed, and this archive did not open the file to look.
The government's own description of the file is quoted in the next section. If that description and the date or place cells disagree, both are printed here and neither has been ""fixed."""
nasa-uap-d031,NASA-UAP-D031,"NASA-UAP-D031, STS-80 Unidentified Object Image 2, 1996",pursue-04,NASA,image,2026-07-10,1996,1996,year,Low-Earth Orbit,Low-Earth Orbit,false,not_flagged,false,,,,,false,434,records/nasa-uap-d031.md,"This is one file in the U.S. Department of War PURSUE catalog, Release 04 (July 10, 2026). The agency on the row is NASA. The catalog calls the file type IMG. The incident date cell says ""1996"". The incident location cell says ""Low-Earth Orbit"". The catalog does not flag this row as redacted. That flag is only a yes or no. It does not say how much was removed, and this archive did not open the file to look.
The government's own description of the file is quoted in the next section. If that description and the date or place cells disagree, both are printed here and neither has been ""fixed."""
nasa-uap-d032,NASA-UAP-D032,"NASA-UAP-D032, STS-80 Unidentified Object Image 3, 1996",pursue-04,NASA,image,2026-07-10,1996,1996,year,Low-Earth Orbit,Low-Earth Orbit,false,not_flagged,false,,,,,false,435,records/nasa-uap-d032.md,"This is one file in the U.S. Department of War PURSUE catalog, Release 04 (July 10, 2026). The agency on the row is NASA. The catalog calls the file type IMG. The incident date cell says ""1996"". The incident location cell says ""Low-Earth Orbit"". The catalog does not flag this row as redacted. That flag is only a yes or no. It does not say how much was removed, and this archive did not open the file to look.
The government's own description of the file is quoted in the next section. If that description and the date or place cells disagree, both are printed here and neither has been ""fixed."""
nasa-uap-vm001,NASA-UAP-VM001,"NASA-UAP-VM001, Apollo 12, 1969",pursue-01,NASA,image,2026-05-08,1969,1969,year,Moon,Moon,false,not_flagged,false,,,,,false,436,records/nasa-uap-vm001.md,"This is one file in the U.S. Department of War PURSUE catalog, Release 01 (May 8, 2026). The agency on the row is NASA. The catalog calls the file type IMG. The incident date cell says ""1969"". The incident location cell says ""Moon"". The catalog does not flag this row as redacted. That flag is only a yes or no. It does not say how much was removed, and this archive did not open the file to look.
The government's own description of the file is quoted in the next section. If that description and the date or place cells disagree, both are printed here and neither has been ""fixed."""
nasa-uap-vm002,NASA-UAP-VM002,"NASA-UAP-VM002, Apollo 12, 1969",pursue-01,NASA,image,2026-05-08,1969,1969,year,Moon,Moon,false,not_flagged,false,,,,,false,437,records/nasa-uap-vm002.md,"This is one file in the U.S. Department of War PURSUE catalog, Release 01 (May 8, 2026). The agency on the row is NASA. The catalog calls the file type IMG. The incident date cell says ""1969"". The incident location cell says ""Moon"". The catalog does not flag this row as redacted. That flag is only a yes or no. It does not say how much was removed, and this archive did not open the file to look.
The government's own description of the file is quoted in the next section. If that description and the date or place cells disagree, both are printed here and neither has been ""fixed."""
nasa-uap-vm003,NASA-UAP-VM003,"NASA-UAP-VM003, Apollo 12, 1969",pursue-01,NASA,image,2026-05-08,1969,1969,year,Moon,Moon,false,not_flagged,false,,,,,false,438,records/nasa-uap-vm003.md,"This is one file in the U.S. Department of War PURSUE catalog, Release 01 (May 8, 2026). The agency on the row is NASA. The catalog calls the file type IMG. The incident date cell says ""1969"". The incident location cell says ""Moon"". The catalog does not flag this row as redacted. That flag is only a yes or no. It does not say how much was removed, and this archive did not open the file to look.
The government's own description of the file is quoted in the next section. If that description and the date or place cells disagree, both are printed here and neither has been ""fixed."""
nasa-uap-vm004,NASA-UAP-VM004,"NASA-UAP-VM004, Apollo 12, 1969",pursue-01,NASA,image,2026-05-08,1969,1969,year,Moon,Moon,false,not_flagged,false,,,,,false,439,records/nasa-uap-vm004.md,"This is one file in the U.S. Department of War PURSUE catalog, Release 01 (May 8, 2026). The agency on the row is NASA. The catalog calls the file type IMG. The incident date cell says ""1969"". The incident location cell says ""Moon"". The catalog does not flag this row as redacted. That flag is only a yes or no. It does not say how much was removed, and this archive did not open the file to look.
The government's own description of the file is quoted in the next section. If that description and the date or place cells disagree, both are printed here and neither has been ""fixed."""
nasa-uap-vm005,NASA-UAP-VM005,"NASA-UAP-VM005, Apollo 12, 1969",pursue-01,NASA,image,2026-05-08,1969,1969,year,Moon,Moon,false,not_flagged,false,,,,,false,440,records/nasa-uap-vm005.md,"This is one file in the U.S. Department of War PURSUE catalog, Release 01 (May 8, 2026). The agency on the row is NASA. The catalog calls the file type IMG. The incident date cell says ""1969"". The incident location cell says ""Moon"". The catalog does not flag this row as redacted. That flag is only a yes or no. It does not say how much was removed, and this archive did not open the file to look.
The government's own description of the file is quoted in the next section. If that description and the date or place cells disagree, both are printed here and neither has been ""fixed."""
nasa-uap-vm006,NASA-UAP-VM006,"NASA-UAP-VM006, Apollo 17, 1972",pursue-01,NASA,image,2026-05-08,1972,1972,year,Moon,Moon,false,not_flagged,false,,,,apollo-17-three-dots,false,441,records/nasa-uap-vm006.md,"This is one file in the U.S. Department of War PURSUE catalog, Release 01 (May 8, 2026). The agency on the row is NASA. The catalog calls the file type IMG. The incident date cell says ""1972"". The incident location cell says ""Moon"". The catalog does not flag this row as redacted. That flag is only a yes or no. It does not say how much was removed, and this archive did not open the file to look.
The government's own description of the file is quoted in the next section. If that description and the date or place cells disagree, both are printed here and neither has been ""fixed."""
odni-uap-d001,ODNI-UAP-D001,"ODNI-UAP-D001, USPER Narrative, Senior USIC Official",pursue-02,Office of the Director of National Intelligence,document,2026-05-22,2025,2025,year,Western United States,Western United States,false,not_flagged,false,,,,western-us-test-range-orbs-2025,false,442,records/odni-uap-d001.md,"This is one file in the U.S. Department of War PURSUE catalog, Release 02 (May 22, 2026). The agency on the row is Office of the Director of National Intelligence. The catalog calls the file type PDF. The incident date cell says ""2025"". The incident location cell says ""Western United States"". The catalog does not flag this row as redacted. That flag is only a yes or no. It does not say how much was removed, and this archive did not open the file to look.
The government's own description of the file is quoted in the next section. If that description and the date or place cells disagree, both are printed here and neither has been ""fixed."""
state-department-uap-cable-001-papua-new-guinea-january-28-1985,,"State Department UAP Cable 001, Papua New Guinea, January 28, 1985",pursue-01,Department of State,document,2026-05-08,1985-01-24,1/24/85,day,Papua New Guinea,Papua New Guinea,false,not_flagged,false,,,,,false,443,records/state-department-uap-cable-001-papua-new-guinea-january-28-1985.md,"This is one file in the U.S. Department of War PURSUE catalog, Release 01 (May 8, 2026). The agency on the row is Department of State. The catalog calls the file type PDF. The incident date cell says ""1/24/85"". The incident location cell says ""Papua New Guinea"". The catalog does not flag this row as redacted. That flag is only a yes or no. It does not say how much was removed, and this archive did not open the file to look.
The government's own description of the file is quoted in the next section. If that description and the date or place cells disagree, both are printed here and neither has been ""fixed."""
state-department-uap-cable-002-kazakhstan-january-31-1994,,"State Department UAP Cable 002, Kazakhstan, January 31, 1994",pursue-01,Department of State,document,2026-05-08,1994-01-27,1/27/94,day,Kazakhstan,Kazakhstan,false,not_flagged,false,,,,,false,444,records/state-department-uap-cable-002-kazakhstan-january-31-1994.md,"This is one file in the U.S. Department of War PURSUE catalog, Release 01 (May 8, 2026). The agency on the row is Department of State. The catalog calls the file type PDF. The incident date cell says ""1/27/94"". The incident location cell says ""Kazakhstan"". The catalog does not flag this row as redacted. That flag is only a yes or no. It does not say how much was removed, and this archive did not open the file to look.
The government's own description of the file is quoted in the next section. If that description and the date or place cells disagree, both are printed here and neither has been ""fixed."""
state-department-uap-cable-003-tbilisi-georgia-october-30-2001,,"State Department UAP Cable 003, Tbilisi, Georgia, October 30, 2001",pursue-01,Department of State,document,2026-05-08,,10/28/2001-10/29/2001,unknown,Georgia,Georgia,false,not_flagged,false,,,,,false,445,records/state-department-uap-cable-003-tbilisi-georgia-october-30-2001.md,"This is one file in the U.S. Department of War PURSUE catalog, Release 01 (May 8, 2026). The agency on the row is Department of State. The catalog calls the file type PDF. The incident date cell says ""10/28/2001-10/29/2001"". The incident location cell says ""Georgia"". The catalog does not flag this row as redacted. That flag is only a yes or no. It does not say how much was removed, and this archive did not open the file to look.
The government's own description of the file is quoted in the next section. If that description and the date or place cells disagree, both are printed here and neither has been ""fixed."""
state-department-uap-cable-004-ashgabat-turkmenistan-november-5-2004,,"State Department UAP Cable 004, Ashgabat, Turkmenistan, November 5, 2004",pursue-01,Department of State,document,2026-05-08,2004-11-05,11/5/04,day,Turkmenistan,Turkmenistan,false,not_flagged,false,,,,,false,446,records/state-department-uap-cable-004-ashgabat-turkmenistan-november-5-2004.md,"This is one file in the U.S. Department of War PURSUE catalog, Release 01 (May 8, 2026). The agency on the row is Department of State. The catalog calls the file type PDF. The incident date cell says ""11/5/04"". The incident location cell says ""Turkmenistan"". The catalog does not flag this row as redacted. That flag is only a yes or no. It does not say how much was removed, and this archive did not open the file to look.
The government's own description of the file is quoted in the next section. If that description and the date or place cells disagree, both are printed here and neither has been ""fixed."""
state-department-uap-cable-005-mexico-september-16-2003,,"State Department UAP Cable 005, Mexico, September 16, 2003",pursue-01,Department of State,document,2026-05-08,2003-09-12,9/12/03,day,Mexico,Mexico,false,not_flagged,false,,,,,false,447,records/state-department-uap-cable-005-mexico-september-16-2003.md,"This is one file in the U.S. Department of War PURSUE catalog, Release 01 (May 8, 2026). The agency on the row is Department of State. The catalog calls the file type PDF. The incident date cell says ""9/12/03"". The incident location cell says ""Mexico"". The catalog does not flag this row as redacted. That flag is only a yes or no. It does not say how much was removed, and this archive did not open the file to look.
The government's own description of the file is quoted in the next section. If that description and the date or place cells disagree, both are printed here and neither has been ""fixed."""
usg-uap-d001,USG-UAP-D001,"USG-UAP-D001, Congressional, White House, UFO-related Constituent Correspondence, 1998",pursue-03,U.S. Government,document,2026-06-12,1998,1998,year,,,true,flagged,false,,,,,false,448,records/usg-uap-d001.md,"This is one file in the U.S. Department of War PURSUE catalog, Release 03 (June 12, 2026). The agency on the row is U.S. Government. The catalog calls the file type PDF. The incident date cell says ""1998"". The incident location cell says ""not given"". The catalog flags this row as redacted. That flag is only a yes or no. It does not say how much was removed, and this archive did not open the file to look.
The government's own description of the file is quoted in the next section. If that description and the date or place cells disagree, both are printed here and neither has been ""fixed."""
usper-statement-about-uap-sighting,,USPER Statement about UAP Sighting,pursue-01,FBI,document,2026-05-08,Late 2025,Late 2025,approximate,United States,United States,true,flagged,false,,,,western-us-test-range-orbs-2025,false,449,records/usper-statement-about-uap-sighting.md,"This is one file in the U.S. Department of War PURSUE catalog, Release 01 (May 8, 2026). The agency on the row is FBI. The catalog calls the file type PDF. The incident date cell says ""Late 2025"". The incident location cell says ""United States"". The catalog flags this row as redacted. That flag is only a yes or no. It does not say how much was removed, and this archive did not open the file to look.
The government's own description of the file is quoted in the next section. If that description and the date or place cells disagree, both are printed here and neither has been ""fixed."""
western-us-event,,Western US Event,pursue-01,Department of War,document,2026-05-08,2023,2023,year,Western United States,Western United States,false,not_flagged,false,,,,western-us-event-2023,false,450,records/western-us-event.md,"This is one file in the U.S. Department of War PURSUE catalog, Release 01 (May 8, 2026). The agency on the row is Department of War. The catalog calls the file type PDF. The incident date cell says ""2023"". The incident location cell says ""Western United States"". The catalog does not flag this row as redacted. That flag is only a yes or no. It does not say how much was removed, and this archive did not open the file to look.
The government's own description of the file is quoted in the next section. If that description and the date or place cells disagree, both are printed here and neither has been ""fixed."""
